编号,名称,主属性,品质,iLv=玩家Lv,最低敌等级,该iLv自然可掉落,门槛,中值单词条叶数,含特性分叉耗点,同级技能点足够,原周期,含标准急速周期,持续,直接伤害预算,每秒持续伤预算,一次召唤总伤,单目标名义DPS上界_未减伤
T01,锋刃,金,普通,8,8,True,金=2.28;力量=3.04,3,6,True,4,3.96974,0,4.8576,0.0,0.0,1.22366
T01,锋刃,金,普通,20,8,True,金=4.30;力量=5.73,3,6,True,4,3.73755,0,9.1584,0.0,0.0,2.45037
T01,锋刃,金,普通,50,8,True,金=13.12;力量=17.49,3,6,True,4,3.42336,0,27.9744,0.0,0.0,8.17161
T01,锋刃,金,普通,100,8,True,金=39.82;力量=53.09,3,6,True,4,3.12932,0,84.9344,0.0,0.0,27.14146
T01,锋刃,金,优秀,8,12,False,金=2.74;力量=3.65,4,8,True,3.92,3.89035,0.0,5.44051,0.0,0.0,1.39846
T01,锋刃,金,优秀,20,12,True,金=5.16;力量=6.87,4,8,True,3.92,3.6628,0.0,10.25741,0.0,0.0,2.80043
T01,锋刃,金,优秀,50,12,True,金=15.74;力量=20.99,4,8,True,3.92,3.3549,0.0,31.33133,0.0,0.0,9.33899
T01,锋刃,金,优秀,100,12,True,金=47.78;力量=63.71,4,8,True,3.92,3.06674,0.0,95.12653,0.0,0.0,31.01881
T01,锋刃,金,杰出,8,18,False,金=3.31;力量=4.41,5,10,False,3.84,3.81095,0.0,6.12058,0.0,0.0,1.60605
T01,锋刃,金,杰出,20,18,True,金=6.23;力量=8.30,5,10,True,3.84,3.58805,0.0,11.53958,0.0,0.0,3.21611
T01,锋刃,金,杰出,50,18,True,金=19.02;力量=25.36,5,10,True,3.84,3.28643,0.0,35.24774,0.0,0.0,10.72524
T01,锋刃,金,杰出,100,18,True,金=57.73;力量=76.98,5,10,True,3.84,3.00415,0.0,107.01734,0.0,0.0,35.62316
T01,锋刃,金,稀有,8,26,False,金=3.99;力量=5.32,6,12,False,3.76,3.73156,0.0,6.89779,0.0,0.0,1.8485
T01,锋刃,金,稀有,20,26,False,金=7.52;力量=10.02,6,12,True,3.76,3.5133,0.0,13.00493,0.0,0.0,3.70163
T01,锋刃,金,稀有,50,26,True,金=22.95;力量=30.60,6,12,True,3.76,3.21796,0.0,39.72365,0.0,0.0,12.34435
T01,锋刃,金,稀有,100,26,True,金=69.68;力量=92.90,6,12,True,3.76,2.94156,0.0,120.60685,0.0,0.0,41.00093
T01,锋刃,金,完美,8,38,False,金=4.79;力量=6.38,6,12,False,3.68,3.65216,0.0,7.86931,0.0,0.0,2.1547
T01,锋刃,金,完美,20,38,False,金=9.02;力量=12.03,6,12,True,3.68,3.43855,0.0,14.83661,0.0,0.0,4.31479
T01,锋刃,金,完美,50,38,True,金=27.54;力量=36.72,6,12,True,3.68,3.14949,0.0,45.31853,0.0,0.0,14.38914
T01,锋刃,金,完美,100,38,True,金=83.61;力量=111.48,6,12,True,3.68,2.87898,0.0,137.59373,0.0,0.0,47.79257
T01,锋刃,金,超凡,8,52,False,金=5.81;力量=7.75,8,16,False,3.6,3.57277,0.0,9.03514,0.0,0.0,2.52889
T01,锋刃,金,超凡,20,52,False,金=10.95;力量=14.60,7,14,True,3.6,3.3638,0.0,17.03462,0.0,0.0,5.0641
T01,锋刃,金,超凡,50,52,False,金=33.44;力量=44.59,8,16,True,3.6,3.08103,0.0,52.03238,0.0,0.0,16.888
T01,锋刃,金,超凡,100,52,True,金=101.53;力量=135.37,8,16,True,3.6,2.81639,0.0,157.97798,0.0,0.0,56.09235
T01,锋刃,金,史诗,8,70,False,金=7.06;力量=9.42,9,18,False,3.48,3.45368,0.0,10.39526,0.0,0.0,3.00991
T01,锋刃,金,史诗,20,70,False,金=13.31;力量=17.75,9,18,True,3.48,3.25167,0.0,19.59898,0.0,0.0,6.02735
T01,锋刃,金,史诗,50,70,False,金=40.66;力量=54.21,9,18,True,3.48,2.97833,0.0,59.86522,0.0,0.0,20.10029
T01,锋刃,金,史诗,100,70,True,金=123.43;力量=164.57,9,18,True,3.48,2.72251,0.0,181.75962,0.0,0.0,66.76175
T01,锋刃,金,传说,8,85,False,金=8.54;力量=11.39,10,20,False,3.36,3.33458,0.0,12.144,0.0,0.0,3.64183
T01,锋刃,金,传说,20,85,False,金=16.10;力量=21.47,10,20,True,3.36,3.13955,0.0,22.896,0.0,0.0,7.29278
T01,锋刃,金,传说,50,85,False,金=49.18;力量=65.57,10,20,True,3.36,2.87563,0.0,69.936,0.0,0.0,24.32027
T01,锋刃,金,传说,100,85,True,金=149.30;力量=199.07,10,20,True,3.36,2.62863,0.0,212.336,0.0,0.0,80.77815
T02,悬锋,金,普通,8,8,True,金=2.28;防御=4.56,3,6,True,8,7.93949,4,2.277,0.0,0.0,0.28679
T02,悬锋,金,普通,20,8,True,金=4.30;防御=8.59,3,6,True,8,7.47511,4,4.293,0.0,0.0,0.57431
T02,悬锋,金,普通,50,8,True,金=13.12;防御=26.23,3,6,True,8,6.84673,4,13.113,0.0,0.0,1.91522
T02,悬锋,金,普通,100,8,True,金=39.82;防御=79.63,3,6,True,8,6.25865,4,39.813,0.0,0.0,6.36128
T02,悬锋,金,优秀,8,12,False,金=2.74;防御=5.47,5,10,False,7.84,7.7807,4.24,2.55024,0.0,0.0,0.32777
T02,悬锋,金,优秀,20,12,True,金=5.16;防御=10.31,5,10,True,7.84,7.32561,4.24,4.80816,0.0,0.0,0.65635
T02,悬锋,金,优秀,50,12,True,金=15.74;防御=31.48,5,10,True,7.84,6.70979,4.24,14.68656,0.0,0.0,2.18882
T02,悬锋,金,优秀,100,12,True,金=47.78;防御=95.56,5,10,True,7.84,6.13347,4.24,44.59056,0.0,0.0,7.27003
T02,悬锋,金,杰出,8,18,False,金=3.31;防御=6.61,5,10,False,7.68,7.62191,4.56,2.86902,0.0,0.0,0.37642
T02,悬锋,金,杰出,20,18,True,金=6.23;防御=12.45,5,10,True,7.68,7.1761,4.56,5.40918,0.0,0.0,0.75378
T02,悬锋,金,杰出,50,18,True,金=19.02;防御=38.03,5,10,True,7.68,6.57286,4.56,16.52238,0.0,0.0,2.51373
T02,悬锋,金,杰出,100,18,True,金=57.73;防御=115.46,5,10,True,7.68,6.0083,4.56,50.16438,0.0,0.0,8.34918
T02,悬锋,金,稀有,8,26,False,金=3.99;防御=7.97,6,12,False,7.52,7.46312,4.96,3.23334,0.0,0.0,0.43324
T02,悬锋,金,稀有,20,26,False,金=7.52;防御=15.03,6,12,True,7.52,7.0266,4.96,6.09606,0.0,0.0,0.86757
T02,悬锋,金,稀有,50,26,True,金=22.95;防御=45.90,6,12,True,7.52,6.43592,4.96,18.62046,0.0,0.0,2.89321
T02,悬锋,金,稀有,100,26,True,金=69.68;防御=139.35,6,12,True,7.52,5.88313,4.96,56.53446,0.0,0.0,9.60959
T02,悬锋,金,完美,8,38,False,金=4.79;防御=9.57,6,12,False,7.36,7.30433,5.44,3.68874,0.0,0.0,0.50501
T02,悬锋,金,完美,20,38,False,金=9.02;防御=18.04,6,12,True,7.36,6.8771,5.44,6.95466,0.0,0.0,1.01128
T02,悬锋,金,完美,50,38,True,金=27.54;防御=55.08,6,12,True,7.36,6.29899,5.44,21.24306,0.0,0.0,3.37246
T02,悬锋,金,完美,100,38,True,金=83.61;防御=167.22,6,12,True,7.36,5.75795,5.44,64.49706,0.0,0.0,11.20138
T02,悬锋,金,超凡,8,52,False,金=5.81;防御=11.62,8,16,False,7.2,7.14554,6.0,4.23522,0.0,0.0,0.59271
T02,悬锋,金,超凡,20,52,False,金=10.95;防御=21.90,8,16,True,7.2,6.7276,6.0,7.98498,0.0,0.0,1.1869
T02,悬锋,金,超凡,50,52,False,金=33.44;防御=66.88,8,16,True,7.2,6.16205,6.0,24.39018,0.0,0.0,3.95812
T02,悬锋,金,超凡,100,52,True,金=101.53;防御=203.05,8,16,True,7.2,5.63278,6.0,74.05218,0.0,0.0,13.14664
T02,悬锋,金,史诗,8,70,False,金=7.06;防御=14.12,9,18,False,6.96,6.90735,6.6,4.87278,0.0,0.0,0.70545
T02,悬锋,金,史诗,20,70,False,金=13.31;防御=26.62,9,18,True,6.96,6.50334,6.6,9.18702,0.0,0.0,1.41266
T02,悬锋,金,史诗,50,70,False,金=40.66;防御=81.31,9,18,True,6.96,5.95665,6.6,28.06182,0.0,0.0,4.711
T02,悬锋,金,史诗,100,70,True,金=123.43;防御=246.85,9,18,True,6.96,5.44502,6.6,85.19982,0.0,0.0,15.64729
T02,悬锋,金,传说,8,85,False,金=8.54;防御=17.08,11,22,False,6.72,6.66917,7.2,5.6925,0.0,0.0,0.85355
T02,悬锋,金,传说,20,85,False,金=16.10;防御=32.20,11,22,False,6.72,6.27909,7.2,10.7325,0.0,0.0,1.70924
T02,悬锋,金,传说,50,85,False,金=49.18;防御=98.35,11,22,True,6.72,5.75125,7.2,32.7825,0.0,0.0,5.70006
T02,悬锋,金,传说,100,85,True,金=149.30;防御=298.60,11,22,True,6.72,5.25726,7.2,99.5325,0.0,0.0,18.93238
T03,缠绕,木,普通,8,8,True,木=2.28;智力=3.04;血量=12.15,4,8,True,6,5.95461,1,4.554,0.0,0.0,0.76479
T03,缠绕,木,普通,20,8,True,木=4.30;智力=5.73;血量=22.90,4,8,True,6,5.60633,1,8.586,0.0,0.0,1.53148
T03,缠绕,木,普通,50,8,True,木=13.12;智力=17.49;血量=69.94,4,8,True,6,5.13505,1,26.226,0.0,0.0,5.10726
T03,缠绕,木,普通,100,8,True,木=39.82;智力=53.09;血量=212.34,4,8,True,6,4.69398,1,79.626,0.0,0.0,16.96341
T03,缠绕,木,优秀,8,12,False,木=2.74;智力=3.65;血量=14.58,5,10,False,5.88,5.83552,1.06,5.10048,0.0,0.0,0.87404
T03,缠绕,木,优秀,20,12,True,木=5.16;智力=6.87;血量=27.48,5,10,True,5.88,5.4942,1.06,9.61632,0.0,0.0,1.75027
T03,缠绕,木,优秀,50,12,True,木=15.74;智力=20.99;血量=83.93,5,10,True,5.88,5.03234,1.06,29.37312,0.0,0.0,5.83687
T03,缠绕,木,优秀,100,12,True,木=47.78;智力=63.71;血量=254.81,5,10,True,5.88,4.60011,1.06,89.18112,0.0,0.0,19.38676
T03,缠绕,木,杰出,8,18,False,木=3.31;智力=4.41;血量=17.61,6,12,False,5.76,5.71643,1.14,5.73804,0.0,0.0,1.00378
T03,缠绕,木,杰出,20,18,True,木=6.23;智力=8.30;血量=33.20,6,12,True,5.76,5.38208,1.14,10.81836,0.0,0.0,2.01007
T03,缠绕,木,杰出,50,18,True,木=19.02;智力=25.36;血量=101.41,6,12,True,5.76,4.92964,1.14,33.04476,0.0,0.0,6.70328
T03,缠绕,木,杰出,100,18,True,木=57.73;智力=76.98;血量=307.89,6,12,True,5.76,4.50623,1.14,100.32876,0.0,0.0,22.26448
T03,缠绕,木,稀有,8,26,False,木=3.99;智力=5.32;血量=21.26,8,16,False,5.64,5.59734,1.24,6.46668,0.0,0.0,1.15531
T03,缠绕,木,稀有,20,26,False,木=7.52;智力=10.02;血量=40.07,8,16,True,5.64,5.26995,1.24,12.19212,0.0,0.0,2.31352
T03,缠绕,木,稀有,50,26,True,木=22.95;智力=30.60;血量=122.39,8,16,True,5.64,4.82694,1.24,37.24092,0.0,0.0,7.71522
T03,缠绕,木,稀有,100,26,True,木=69.68;智力=92.90;血量=371.59,8,16,True,5.64,4.41235,1.24,113.06892,0.0,0.0,25.62558
T03,缠绕,木,完美,8,38,False,木=4.79;智力=6.38;血量=25.51,8,16,False,5.52,5.47825,1.36,7.37748,0.0,0.0,1.34669
T03,缠绕,木,完美,20,38,False,木=9.02;智力=12.03;血量=48.09,8,16,True,5.52,5.15782,1.36,13.90932,0.0,0.0,2.69674
T03,缠绕,木,完美,50,38,True,木=27.54;智力=36.72;血量=146.87,8,16,True,5.52,4.72424,1.36,42.48612,0.0,0.0,8.99321
T03,缠绕,木,完美,100,38,True,木=83.61;智力=111.48;血量=445.91,8,16,True,5.52,4.31847,1.36,128.99412,0.0,0.0,29.87036
T03,缠绕,木,超凡,8,52,False,木=5.81;智力=7.75;血量=30.97,10,20,False,5.4,5.35915,1.5,8.47044,0.0,0.0,1.58056
T03,缠绕,木,超凡,20,52,False,木=10.95;智力=14.60;血量=58.39,9,18,True,5.4,5.0457,1.5,15.96996,0.0,0.0,3.16506
T03,缠绕,木,超凡,50,52,False,木=33.44;智力=44.59;血量=178.34,10,20,True,5.4,4.62154,1.5,48.78036,0.0,0.0,10.555
T03,缠绕,木,超凡,100,52,True,木=101.53;智力=135.37;血量=541.46,10,20,True,5.4,4.22459,1.5,148.10436,0.0,0.0,35.05772
T03,缠绕,木,史诗,8,70,False,木=7.06;智力=9.42;血量=37.65,12,24,False,5.22,5.18051,1.65,9.74556,0.0,0.0,1.8812
T03,缠绕,木,史诗,20,70,False,木=13.31;智力=17.75;血量=70.98,12,24,False,5.22,4.87751,1.65,18.37404,0.0,0.0,3.7671
T03,缠绕,木,史诗,50,70,False,木=40.66;智力=54.21;血量=216.81,12,24,True,5.22,4.46749,1.65,56.12364,0.0,0.0,12.56268
T03,缠绕,木,史诗,100,70,True,木=123.43;智力=164.57;血量=658.25,12,24,True,5.22,4.08377,1.65,170.39964,0.0,0.0,41.72609
T03,缠绕,木,传说,8,85,False,木=8.54;智力=11.39;血量=45.54,13,26,False,5.04,5.00188,1.8,11.385,0.0,0.0,2.27615
T03,缠绕,木,传说,20,85,False,木=16.10;智力=21.47;血量=85.86,13,26,False,5.04,4.70932,1.8,21.465,0.0,0.0,4.55798
T03,缠绕,木,传说,50,85,False,木=49.18;智力=65.57;血量=262.26,13,26,True,5.04,4.31344,1.8,65.565,0.0,0.0,15.20017
T03,缠绕,木,传说,100,85,True,木=149.30;智力=199.07;血量=796.26,13,26,True,5.04,3.94295,1.8,199.065,0.0,0.0,50.48634
T04,生灵,木,普通,8,8,True,木=2.28;血量=18.22,3,6,True,12,11.90923,6,0.0,0.0,4.554,0.38239
T04,生灵,木,普通,20,8,True,木=4.30;血量=34.35,4,8,True,12,11.21266,6,0.0,0.0,8.586,0.76574
T04,生灵,木,普通,50,8,True,木=13.12;血量=104.91,4,8,True,12,10.27009,6,0.0,0.0,26.226,2.55363
T04,生灵,木,普通,100,8,True,木=39.82;血量=318.51,4,8,True,12,9.38797,6,0.0,0.0,79.626,8.48171
T04,生灵,木,优秀,8,12,False,木=2.74;血量=21.86,5,10,False,11.76,11.67104,6.36,0.0,0.0,5.10048,0.43702
T04,生灵,木,优秀,20,12,True,木=5.16;血量=41.22,5,10,True,11.76,10.98841,6.36,0.0,0.0,9.61632,0.87513
T04,生灵,木,优秀,50,12,True,木=15.74;血量=125.89,5,10,True,11.76,10.06469,6.36,0.0,0.0,29.37312,2.91843
T04,生灵,木,优秀,100,12,True,木=47.78;血量=382.21,5,10,True,11.76,9.20021,6.36,0.0,0.0,89.18112,9.69338
T04,生灵,木,杰出,8,18,False,木=3.31;血量=26.42,5,10,False,11.52,11.43286,6.84,0.0,0.0,5.73804,0.50189
T04,生灵,木,杰出,20,18,True,木=6.23;血量=49.80,5,10,True,11.52,10.76416,6.84,0.0,0.0,10.81836,1.00504
T04,生灵,木,杰出,50,18,True,木=19.02;血量=152.12,5,10,True,11.52,9.85929,6.84,0.0,0.0,33.04476,3.35164
T04,生灵,木,杰出,100,18,True,木=57.73;血量=461.84,5,10,True,11.52,9.01245,6.84,0.0,0.0,100.32876,11.13224
T04,生灵,木,稀有,8,26,False,木=3.99;血量=31.88,6,12,False,11.28,11.19467,7.44,0.0,0.0,6.46668,0.57766
T04,生灵,木,稀有,20,26,False,木=7.52;血量=60.11,6,12,True,11.28,10.5399,7.44,0.0,0.0,12.19212,1.15676
T04,生灵,木,稀有,50,26,True,木=22.95;血量=183.59,6,12,True,11.28,9.65389,7.44,0.0,0.0,37.24092,3.85761
T04,生灵,木,稀有,100,26,True,木=69.68;血量=557.39,6,12,True,11.28,8.82469,7.44,0.0,0.0,113.06892,12.81279
T04,生灵,木,完美,8,38,False,木=4.79;血量=38.26,7,14,False,11.04,10.95649,8.16,0.0,0.0,7.37748,0.67334
T04,生灵,木,完美,20,38,False,木=9.02;血量=72.13,7,14,True,11.04,10.31565,8.16,0.0,0.0,13.90932,1.34837
T04,生灵,木,完美,50,38,True,木=27.54;血量=220.30,7,14,True,11.04,9.44848,8.16,0.0,0.0,42.48612,4.49661
T04,生灵,木,完美,100,38,True,木=83.61;血量=668.86,7,14,True,11.04,8.63693,8.16,0.0,0.0,128.99412,14.93518
T04,生灵,木,超凡,8,52,False,木=5.81;血量=46.46,8,16,False,10.8,10.71831,9.0,0.0,0.0,8.47044,0.79028
T04,生灵,木,超凡,20,52,False,木=10.95;血量=87.58,8,16,True,10.8,10.0914,9.0,0.0,0.0,15.96996,1.58253
T04,生灵,木,超凡,50,52,False,木=33.44;血量=267.51,8,16,True,10.8,9.24308,9.0,0.0,0.0,48.78036,5.2775
T04,生灵,木,超凡,100,52,True,木=101.53;血量=812.19,8,16,True,10.8,8.44917,9.0,0.0,0.0,148.10436,17.52886
T04,生灵,木,史诗,8,70,False,木=7.06;血量=56.47,10,20,False,10.44,10.36103,9.9,0.0,0.0,9.74556,0.9406
T04,生灵,木,史诗,20,70,False,木=13.31;血量=106.47,10,20,True,10.44,9.75502,9.9,0.0,0.0,18.37404,1.88355
T04,生灵,木,史诗,50,70,False,木=40.66;血量=325.21,10,20,True,10.44,8.93498,9.9,0.0,0.0,56.12364,6.28134
T04,生灵,木,史诗,100,70,True,木=123.43;血量=987.37,10,20,True,10.44,8.16753,9.9,0.0,0.0,170.39964,20.86305
T04,生灵,木,传说,8,85,False,木=8.54;血量=68.31,11,22,False,10.08,10.00375,10.8,0.0,0.0,11.385,1.13807
T04,生灵,木,传说,20,85,False,木=16.10;血量=128.79,11,22,False,10.08,9.41864,10.8,0.0,0.0,21.465,2.27899
T04,生灵,木,传说,50,85,False,木=49.18;血量=393.39,11,22,True,10.08,8.62688,10.8,0.0,0.0,65.565,7.60009
T04,生灵,木,传说,100,85,True,木=149.30;血量=1194.39,11,22,True,10.08,7.88589,10.8,0.0,0.0,199.065,25.24317
T05,回潮,水,普通,8,8,True,水=2.28;智力=3.04,3,6,True,5,4.96218,1.5,4.554,0.0,0.0,0.91774
T05,回潮,水,普通,20,8,True,水=4.30;智力=5.73,3,6,True,5,4.67194,1.5,8.586,0.0,0.0,1.83778
T05,回潮,水,普通,50,8,True,水=13.12;智力=17.49,3,6,True,5,4.2792,1.5,26.226,0.0,0.0,6.12871
T05,回潮,水,普通,100,8,True,水=39.82;智力=53.09,3,6,True,5,3.91165,1.5,79.626,0.0,0.0,20.35609
T05,回潮,水,优秀,8,12,False,水=2.74;智力=3.65,4,8,True,4.9,4.86293,1.59,5.10048,0.0,0.0,1.04885
T05,回潮,水,优秀,20,12,True,水=5.16;智力=6.87,4,8,True,4.9,4.5785,1.59,9.61632,0.0,0.0,2.10032
T05,回潮,水,优秀,50,12,True,水=15.74;智力=20.99,4,8,True,4.9,4.19362,1.59,29.37312,0.0,0.0,7.00424
T05,回潮,水,优秀,100,12,True,水=47.78;智力=63.71,4,8,True,4.9,3.83342,1.59,89.18112,0.0,0.0,23.26411
T05,回潮,水,杰出,8,18,False,水=3.31;智力=4.41,5,10,False,4.8,4.76369,1.71,5.73804,0.0,0.0,1.20454
T05,回潮,水,杰出,20,18,True,水=6.23;智力=8.30,5,10,True,4.8,4.48506,1.71,10.81836,0.0,0.0,2.41209
T05,回潮,水,杰出,50,18,True,水=19.02;智力=25.36,5,10,True,4.8,4.10804,1.71,33.04476,0.0,0.0,8.04393
T05,回潮,水,杰出,100,18,True,水=57.73;智力=76.98,5,10,True,4.8,3.75519,1.71,100.32876,0.0,0.0,26.71737
T05,回潮,水,稀有,8,26,False,水=3.99;智力=5.32,6,12,False,4.7,4.66445,1.86,6.46668,0.0,0.0,1.38638
T05,回潮,水,稀有,20,26,False,水=7.52;智力=10.02,6,12,True,4.7,4.39163,1.86,12.19212,0.0,0.0,2.77622
T05,回潮,水,稀有,50,26,True,水=22.95;智力=30.60,6,12,True,4.7,4.02245,1.86,37.24092,0.0,0.0,9.25826
T05,回潮,水,稀有,100,26,True,水=69.68;智力=92.90,6,12,True,4.7,3.67695,1.86,113.06892,0.0,0.0,30.7507
T05,回潮,水,完美,8,38,False,水=4.79;智力=6.38,6,12,False,4.6,4.5652,2.04,7.37748,0.0,0.0,1.61602
T05,回潮,水,完美,20,38,False,水=9.02;智力=12.03,6,12,True,4.6,4.29819,2.04,13.90932,0.0,0.0,3.23609
T05,回潮,水,完美,50,38,True,水=27.54;智力=36.72,6,12,True,4.6,3.93687,2.04,42.48612,0.0,0.0,10.79186
T05,回潮,水,完美,100,38,True,水=83.61;智力=111.48,6,12,True,4.6,3.59872,2.04,128.99412,0.0,0.0,35.84443
T05,回潮,水,超凡,8,52,False,水=5.81;智力=7.75,8,16,False,4.5,4.46596,2.25,8.47044,0.0,0.0,1.89667
T05,回潮,水,超凡,20,52,False,水=10.95;智力=14.60,7,14,True,4.5,4.20475,2.25,15.96996,0.0,0.0,3.79808
T05,回潮,水,超凡,50,52,False,水=33.44;智力=44.59,8,16,True,4.5,3.85128,2.25,48.78036,0.0,0.0,12.666
T05,回潮,水,超凡,100,52,True,水=101.53;智力=135.37,8,16,True,4.5,3.52049,2.25,148.10436,0.0,0.0,42.06926
T05,回潮,水,史诗,8,70,False,水=7.06;智力=9.42,9,18,False,4.35,4.3171,2.475,9.74556,0.0,0.0,2.25743
T05,回潮,水,史诗,20,70,False,水=13.31;智力=17.75,9,18,True,4.35,4.06459,2.475,18.37404,0.0,0.0,4.52052
T05,回潮,水,史诗,50,70,False,水=40.66;智力=54.21,9,18,True,4.35,3.72291,2.475,56.12364,0.0,0.0,15.07522
T05,回潮,水,史诗,100,70,True,水=123.43;智力=164.57,9,18,True,4.35,3.40314,2.475,170.39964,0.0,0.0,50.07131
T05,回潮,水,传说,8,85,False,水=8.54;智力=11.39,10,20,False,4.2,4.16823,2.7,11.385,0.0,0.0,2.73138
T05,回潮,水,传说,20,85,False,水=16.10;智力=21.47,10,20,True,4.2,3.92443,2.7,21.465,0.0,0.0,5.46958
T05,回潮,水,传说,50,85,False,水=49.18;智力=65.57,10,20,True,4.2,3.59453,2.7,65.565,0.0,0.0,18.24021
T05,回潮,水,传说,100,85,True,水=149.30;智力=199.07,10,20,True,4.2,3.28579,2.7,199.065,0.0,0.0,60.58361
T06,润泽,水,普通,8,8,True,水=2.28;灵力=15.18,3,6,True,8,7.93949,2,0.0,0.0,0.0,0.0
T06,润泽,水,普通,20,8,True,水=4.30;灵力=28.62,3,6,True,8,7.47511,2,0.0,0.0,0.0,0.0
T06,润泽,水,普通,50,8,True,水=13.12;灵力=87.42,3,6,True,8,6.84673,2,0.0,0.0,0.0,0.0
T06,润泽,水,普通,100,8,True,水=39.82;灵力=265.42,3,6,True,8,6.25865,2,0.0,0.0,0.0,0.0
T06,润泽,水,优秀,8,12,False,水=2.74;灵力=18.22,4,8,True,7.84,7.7807,2.12,0.0,0.0,0.0,0.0
T06,润泽,水,优秀,20,12,True,水=5.16;灵力=34.35,4,8,True,7.84,7.32561,2.12,0.0,0.0,0.0,0.0
T06,润泽,水,优秀,50,12,True,水=15.74;灵力=104.91,4,8,True,7.84,6.70979,2.12,0.0,0.0,0.0,0.0
T06,润泽,水,优秀,100,12,True,水=47.78;灵力=318.51,4,8,True,7.84,6.13347,2.12,0.0,0.0,0.0,0.0
T06,润泽,水,杰出,8,18,False,水=3.31;灵力=22.02,4,8,True,7.68,7.62191,2.28,0.0,0.0,0.0,0.0
T06,润泽,水,杰出,20,18,True,水=6.23;灵力=41.50,4,8,True,7.68,7.1761,2.28,0.0,0.0,0.0,0.0
T06,润泽,水,杰出,50,18,True,水=19.02;灵力=126.76,4,8,True,7.68,6.57286,2.28,0.0,0.0,0.0,0.0
T06,润泽,水,杰出,100,18,True,水=57.73;灵力=384.86,4,8,True,7.68,6.0083,2.28,0.0,0.0,0.0,0.0
T06,润泽,水,稀有,8,26,False,水=3.99;灵力=26.57,6,12,False,7.52,7.46312,2.48,0.0,0.0,0.0,0.0
T06,润泽,水,稀有,20,26,False,水=7.52;灵力=50.09,6,12,True,7.52,7.0266,2.48,0.0,0.0,0.0,0.0
T06,润泽,水,稀有,50,26,True,水=22.95;灵力=152.99,6,12,True,7.52,6.43592,2.48,0.0,0.0,0.0,0.0
T06,润泽,水,稀有,100,26,True,水=69.68;灵力=464.49,6,12,True,7.52,5.88313,2.48,0.0,0.0,0.0,0.0
T06,润泽,水,完美,8,38,False,水=4.79;灵力=31.88,6,12,False,7.36,7.30433,2.72,0.0,0.0,0.0,0.0
T06,润泽,水,完美,20,38,False,水=9.02;灵力=60.11,6,12,True,7.36,6.8771,2.72,0.0,0.0,0.0,0.0
T06,润泽,水,完美,50,38,True,水=27.54;灵力=183.59,6,12,True,7.36,6.29899,2.72,0.0,0.0,0.0,0.0
T06,润泽,水,完美,100,38,True,水=83.61;灵力=557.39,6,12,True,7.36,5.75795,2.72,0.0,0.0,0.0,0.0
T06,润泽,水,超凡,8,52,False,水=5.81;灵力=38.71,7,14,False,7.2,7.14554,3.0,0.0,0.0,0.0,0.0
T06,润泽,水,超凡,20,52,False,水=10.95;灵力=72.99,7,14,True,7.2,6.7276,3.0,0.0,0.0,0.0,0.0
T06,润泽,水,超凡,50,52,False,水=33.44;灵力=222.93,7,14,True,7.2,6.16205,3.0,0.0,0.0,0.0,0.0
T06,润泽,水,超凡,100,52,True,水=101.53;灵力=676.83,7,14,True,7.2,5.63278,3.0,0.0,0.0,0.0,0.0
T06,润泽,水,史诗,8,70,False,水=7.06;灵力=47.06,9,18,False,6.96,6.90735,3.3,0.0,0.0,0.0,0.0
T06,润泽,水,史诗,20,70,False,水=13.31;灵力=88.73,9,18,True,6.96,6.50334,3.3,0.0,0.0,0.0,0.0
T06,润泽,水,史诗,50,70,False,水=40.66;灵力=271.01,9,18,True,6.96,5.95665,3.3,0.0,0.0,0.0,0.0
T06,润泽,水,史诗,100,70,True,水=123.43;灵力=822.81,9,18,True,6.96,5.44502,3.3,0.0,0.0,0.0,0.0
T06,润泽,水,传说,8,85,False,水=8.54;灵力=56.93,10,20,False,6.72,6.66917,3.6,0.0,0.0,0.0,0.0
T06,润泽,水,传说,20,85,False,水=16.10;灵力=107.33,10,20,True,6.72,6.27909,3.6,0.0,0.0,0.0,0.0
T06,润泽,水,传说,50,85,False,水=49.18;灵力=327.83,10,20,True,6.72,5.75125,3.6,0.0,0.0,0.0,0.0
T06,润泽,水,传说,100,85,True,水=149.30;灵力=995.33,10,20,True,6.72,5.25726,3.6,0.0,0.0,0.0,0.0
T07,灼印,火,普通,8,8,True,火=2.28;攻速=16.00,4,8,True,5,4.96218,3,0.0,1.518,0.0,0.91774
T07,灼印,火,普通,20,8,True,火=4.30;攻速=16.00,4,8,True,5,4.67194,3,0.0,2.862,0.0,1.83778
T07,灼印,火,普通,50,8,True,火=13.12;攻速=16.00,4,8,True,5,4.2792,3,0.0,8.742,0.0,6.12871
T07,灼印,火,普通,100,8,True,火=39.82;攻速=16.00,4,8,True,5,3.91165,3,0.0,26.542,0.0,20.35609
T07,灼印,火,优秀,8,12,False,火=2.74;攻速=19.20,5,10,False,4.9,4.86293,3.18,0.0,1.70016,0.0,1.11178
T07,灼印,火,优秀,20,12,True,火=5.16;攻速=19.20,5,10,True,4.9,4.5785,3.18,0.0,3.20544,0.0,2.22634
T07,灼印,火,优秀,50,12,True,火=15.74;攻速=19.20,5,10,True,4.9,4.19362,3.18,0.0,9.79104,0.0,7.42449
T07,灼印,火,优秀,100,12,True,火=47.78;攻速=19.20,5,10,True,4.9,3.83342,3.18,0.0,29.72704,0.0,24.65995
T07,灼印,火,杰出,8,18,False,火=3.31;攻速=23.20,5,10,False,4.8,4.76369,3.42,0.0,1.91268,0.0,1.37317
T07,灼印,火,杰出,20,18,True,火=6.23;攻速=23.20,5,10,True,4.8,4.48506,3.42,0.0,3.60612,0.0,2.74978
T07,灼印,火,杰出,50,18,True,火=19.02;攻速=23.20,5,10,True,4.8,4.10804,3.42,0.0,11.01492,0.0,9.17008
T07,灼印,火,杰出,100,18,True,火=57.73;攻速=23.20,5,10,True,4.8,3.75519,3.42,0.0,33.44292,0.0,30.45781
T07,灼印,火,稀有,8,26,False,火=3.99;攻速=28.00,6,12,False,4.7,4.66445,3.72,0.0,2.15556,0.0,1.71911
T07,灼印,火,稀有,20,26,False,火=7.52;攻速=28.00,6,12,True,4.7,4.39163,3.72,0.0,4.06404,0.0,3.44251
T07,灼印,火,稀有,50,26,True,火=22.95;攻速=28.00,6,12,True,4.7,4.02245,3.72,0.0,12.41364,0.0,11.48025
T07,灼印,火,稀有,100,26,True,火=69.68;攻速=28.00,6,12,True,4.7,3.67695,3.72,0.0,37.68964,0.0,38.13086
T07,灼印,火,完美,8,38,False,火=4.79;攻速=33.60,7,14,False,4.6,4.5652,4.08,0.0,2.45916,0.0,2.19779
T07,灼印,火,完美,20,38,False,火=9.02;攻速=33.60,7,14,True,4.6,4.29819,4.08,0.0,4.63644,0.0,4.40108
T07,灼印,火,完美,50,38,True,火=27.54;攻速=33.60,7,14,True,4.6,3.93687,4.08,0.0,14.16204,0.0,14.67693
T07,灼印,火,完美,100,38,True,火=83.61;攻速=33.60,7,14,True,4.6,3.59872,4.08,0.0,42.99804,0.0,48.74842
T07,灼印,火,超凡,8,52,False,火=5.81;攻速=40.80,8,16,False,4.5,4.46596,4.5,0.0,2.82348,0.0,2.845
T07,灼印,火,超凡,20,52,False,火=10.95;攻速=40.80,8,16,True,4.5,4.20475,4.5,0.0,5.32332,0.0,5.69712
T07,灼印,火,超凡,50,52,False,火=33.44;攻速=40.80,8,16,True,4.5,3.85128,4.5,0.0,16.26012,0.0,18.999
T07,灼印,火,超凡,100,52,True,火=101.53;攻速=40.80,8,16,True,4.5,3.52049,4.5,0.0,49.36812,0.0,63.10389
T07,灼印,火,史诗,8,70,False,火=7.06;攻速=49.60,10,20,False,4.35,4.3171,4.95,0.0,3.24852,0.0,3.72477
T07,灼印,火,史诗,20,70,False,火=13.31;攻速=49.60,10,20,True,4.35,4.06459,4.95,0.0,6.12468,0.0,7.45885
T07,灼印,火,史诗,50,70,False,火=40.66;攻速=49.60,10,20,True,4.35,3.72291,4.95,0.0,18.70788,0.0,24.87411
T07,灼印,火,史诗,100,70,True,火=123.43;攻速=49.60,10,20,True,4.35,3.40314,4.95,0.0,56.79988,0.0,82.61766
T07,灼印,火,传说,8,85,False,火=8.54;攻速=60.00,12,24,False,4.2,4.16823,5.4,0.0,3.795,0.0,4.91648
T07,灼印,火,传说,20,85,False,火=16.10;攻速=60.00,12,24,False,4.2,3.92443,5.4,0.0,7.155,0.0,9.84525
T07,灼印,火,传说,50,85,False,火=49.18;攻速=60.00,12,24,True,4.2,3.59453,5.4,0.0,21.855,0.0,32.83237
T07,灼印,火,传说,100,85,True,火=149.30;攻速=60.00,12,24,True,4.2,3.28579,5.4,0.0,66.355,0.0,109.0505
T08,熔星,火,普通,8,8,True,火=2.28;力量=3.04,3,6,True,8,7.93949,3,6.072,0.759,0.0,1.05158
T08,熔星,火,普通,20,8,True,火=4.30;力量=5.73,3,6,True,8,7.47511,3,11.448,1.431,0.0,2.10579
T08,熔星,火,普通,50,8,True,火=13.12;力量=17.49,3,6,True,8,6.84673,3,34.968,4.371,0.0,7.02248
T08,熔星,火,普通,100,8,True,火=39.82;力量=53.09,3,6,True,8,6.25865,3,106.168,13.271,0.0,23.32469
T08,熔星,火,优秀,8,12,False,火=2.74;力量=3.65,4,8,True,7.84,7.7807,3.18,6.80064,0.85008,0.0,1.22147
T08,熔星,火,优秀,20,12,True,火=5.16;力量=6.87,4,8,True,7.84,7.32561,3.18,12.82176,1.60272,0.0,2.446
T08,熔星,火,优秀,50,12,True,火=15.74;力量=20.99,4,8,True,7.84,6.70979,3.18,39.16416,4.89552,0.0,8.15702
T08,熔星,火,优秀,100,12,True,火=47.78;力量=63.71,4,8,True,7.84,6.13347,3.18,118.90816,14.86352,0.0,27.09299
T08,熔星,火,杰出,8,18,False,火=3.31;力量=4.41,5,10,False,7.68,7.62191,3.42,7.65072,0.95634,0.0,1.4329
T08,熔星,火,杰出,20,18,True,火=6.23;力量=8.30,5,10,True,7.68,7.1761,3.42,14.42448,1.80306,0.0,2.86938
T08,熔星,火,杰出,50,18,True,火=19.02;力量=25.36,5,10,True,7.68,6.57286,3.42,44.05968,5.50746,0.0,9.56893
T08,熔星,火,杰出,100,18,True,火=57.73;力量=76.98,5,10,True,7.68,6.0083,3.42,133.77168,16.72146,0.0,31.78254
T08,熔星,火,稀有,8,26,False,火=3.99;力量=5.32,6,12,False,7.52,7.46312,3.72,8.62224,1.07778,0.0,1.69253
T08,熔星,火,稀有,20,26,False,火=7.52;力量=10.02,6,12,True,7.52,7.0266,3.72,16.25616,2.03202,0.0,3.3893
T08,熔星,火,稀有,50,26,True,火=22.95;力量=30.60,6,12,True,7.52,6.43592,3.72,49.65456,6.20682,0.0,11.3028
T08,熔星,火,稀有,100,26,True,火=69.68;力量=92.90,6,12,True,7.52,5.88313,3.72,150.75856,18.84482,0.0,37.54147
T08,熔星,火,完美,8,38,False,火=4.79;力量=6.38,6,12,False,7.36,7.30433,4.08,9.83664,1.22958,0.0,2.0335
T08,熔星,火,完美,20,38,False,火=9.02;力量=12.03,6,12,True,7.36,6.8771,4.08,18.54576,2.31822,0.0,4.07208
T08,熔星,火,完美,50,38,True,火=27.54;力量=36.72,6,12,True,7.36,6.29899,4.08,56.64816,7.08102,0.0,13.57975
T08,熔星,火,完美,100,38,True,火=83.61;力量=111.48,6,12,True,7.36,5.75795,4.08,171.99216,21.49902,0.0,45.10424
T08,熔星,火,超凡,8,52,False,火=5.81;力量=7.75,8,16,False,7.2,7.14554,4.5,11.29392,1.41174,0.0,2.46962
T08,熔星,火,超凡,20,52,False,火=10.95;力量=14.60,7,14,True,7.2,6.7276,4.5,21.29328,2.66166,0.0,4.94541
T08,熔星,火,超凡,50,52,False,火=33.44;力量=44.59,8,16,True,7.2,6.16205,4.5,65.04048,8.13006,0.0,16.49219
T08,熔星,火,超凡,100,52,True,火=101.53;力量=135.37,8,16,True,7.2,5.63278,4.5,197.47248,24.68406,0.0,54.77768
T08,熔星,火,史诗,8,70,False,火=7.06;力量=9.42,9,18,False,6.96,6.90735,4.95,12.99408,1.62426,0.0,3.04519
T08,熔星,火,史诗,20,70,False,火=13.31;力量=17.75,9,18,True,6.96,6.50334,4.95,24.49872,3.06234,0.0,6.09799
T08,熔星,火,史诗,50,70,False,火=40.66;力量=54.21,9,18,True,6.96,5.95665,4.95,74.83152,9.35394,0.0,20.33584
T08,熔星,火,史诗,100,70,True,火=123.43;力量=164.57,9,18,True,6.96,5.44502,4.95,227.19952,28.39994,0.0,67.54411
T08,熔星,火,传说,8,85,False,火=8.54;力量=11.39,10,20,False,6.72,6.66917,5.4,15.18,1.8975,0.0,3.81254
T08,熔星,火,传说,20,85,False,火=16.10;力量=21.47,10,20,True,6.72,6.27909,5.4,28.62,3.5775,0.0,7.63462
T08,熔星,火,传说,50,85,False,火=49.18;力量=65.57,10,20,True,6.72,5.75125,5.4,87.42,10.9275,0.0,25.46029
T08,熔星,火,传说,100,85,True,火=149.30;力量=199.07,10,20,True,6.72,5.25726,5.4,265.42,33.1775,0.0,84.56463
T09,陷阵,土,普通,8,8,True,土=2.28;防御=4.56,3,6,True,10,9.92436,4,3.036,0.0,0.0,0.30591
T09,陷阵,土,普通,20,8,True,土=4.30;防御=8.59,3,6,True,10,9.34388,4,5.724,0.0,0.0,0.61259
T09,陷阵,土,普通,50,8,True,土=13.12;防御=26.23,3,6,True,10,8.55841,4,17.484,0.0,0.0,2.0429
T09,陷阵,土,普通,100,8,True,土=39.82;防御=79.63,3,6,True,10,7.82331,4,53.084,0.0,0.0,6.78536
T09,陷阵,土,优秀,8,12,False,土=2.74;防御=5.47,5,10,False,9.8,9.72587,4.24,3.40032,0.0,0.0,0.34962
T09,陷阵,土,优秀,20,12,True,土=5.16;防御=10.31,5,10,True,9.8,9.15701,4.24,6.41088,0.0,0.0,0.70011
T09,陷阵,土,优秀,50,12,True,土=15.74;防御=31.48,5,10,True,9.8,8.38724,4.24,19.58208,0.0,0.0,2.33475
T09,陷阵,土,优秀,100,12,True,土=47.78;防御=95.56,5,10,True,9.8,7.66684,4.24,59.45408,0.0,0.0,7.7547
T09,陷阵,土,杰出,8,18,False,土=3.31;防御=6.61,5,10,False,9.6,9.52738,4.56,3.82536,0.0,0.0,0.40151
T09,陷阵,土,杰出,20,18,True,土=6.23;防御=12.45,5,10,True,9.6,8.97013,4.56,7.21224,0.0,0.0,0.80403
T09,陷阵,土,杰出,50,18,True,土=19.02;防御=38.03,5,10,True,9.6,8.21607,4.56,22.02984,0.0,0.0,2.68131
T09,陷阵,土,杰出,100,18,True,土=57.73;防御=115.46,5,10,True,9.6,7.51038,4.56,66.88584,0.0,0.0,8.90579
T09,陷阵,土,稀有,8,26,False,土=3.99;防御=7.97,6,12,False,9.4,9.3289,4.96,4.31112,0.0,0.0,0.46213
T09,陷阵,土,稀有,20,26,False,土=7.52;防御=15.03,6,12,True,9.4,8.78325,4.96,8.12808,0.0,0.0,0.92541
T09,陷阵,土,稀有,50,26,True,土=22.95;防御=45.90,6,12,True,9.4,8.0449,4.96,24.82728,0.0,0.0,3.08609
T09,陷阵,土,稀有,100,26,True,土=69.68;防御=139.35,6,12,True,9.4,7.35391,4.96,75.37928,0.0,0.0,10.25023
T09,陷阵,土,完美,8,38,False,土=4.79;防御=9.57,6,12,False,9.2,9.13041,5.44,4.91832,0.0,0.0,0.53867
T09,陷阵,土,完美,20,38,False,土=9.02;防御=18.04,6,12,True,9.2,8.59637,5.44,9.27288,0.0,0.0,1.0787
T09,陷阵,土,完美,50,38,True,土=27.54;防御=55.08,6,12,True,9.2,7.87374,5.44,28.32408,0.0,0.0,3.59729
T09,陷阵,土,完美,100,38,True,土=83.61;防御=167.22,6,12,True,9.2,7.19744,5.44,85.99608,0.0,0.0,11.94814
T09,陷阵,土,超凡,8,52,False,土=5.81;防御=11.62,8,16,False,9.0,8.93192,6.0,5.64696,0.0,0.0,0.63222
T09,陷阵,土,超凡,20,52,False,土=10.95;防御=21.90,8,16,True,9.0,8.4095,6.0,10.64664,0.0,0.0,1.26603
T09,陷阵,土,超凡,50,52,False,土=33.44;防御=66.88,8,16,True,9.0,7.70257,6.0,32.52024,0.0,0.0,4.222
T09,陷阵,土,超凡,100,52,True,土=101.53;防御=203.05,8,16,True,9.0,7.04098,6.0,98.73624,0.0,0.0,14.02309
T09,陷阵,土,史诗,8,70,False,土=7.06;防御=14.12,9,18,False,8.7,8.63419,6.6,6.49704,0.0,0.0,0.75248
T09,陷阵,土,史诗,20,70,False,土=13.31;防御=26.62,9,18,True,8.7,8.12918,6.6,12.24936,0.0,0.0,1.50684
T09,陷阵,土,史诗,50,70,False,土=40.66;防御=81.31,9,18,True,8.7,7.44582,6.6,37.41576,0.0,0.0,5.02507
T09,陷阵,土,史诗,100,70,True,土=123.43;防御=246.85,9,18,True,8.7,6.80628,6.6,113.59976,0.0,0.0,16.69044
T09,陷阵,土,传说,8,85,False,土=8.54;防御=17.08,11,22,False,8.4,8.33646,7.2,7.59,0.0,0.0,0.91046
T09,陷阵,土,传说,20,85,False,土=16.10;防御=32.20,11,22,False,8.4,7.84886,7.2,14.31,0.0,0.0,1.82319
T09,陷阵,土,传说,50,85,False,土=49.18;防御=98.35,11,22,True,8.4,7.18906,7.2,43.71,0.0,0.0,6.08007
T09,陷阵,土,传说,100,85,True,土=149.30;防御=298.60,11,22,True,8.4,6.57158,7.2,132.71,0.0,0.0,20.19454
T10,垒障,土,普通,8,8,True,土=2.28;血量=18.22,3,6,True,12,11.90923,4,0.0,0.0,0.0,0.0
T10,垒障,土,普通,20,8,True,土=4.30;血量=34.35,4,8,True,12,11.21266,4,0.0,0.0,0.0,0.0
T10,垒障,土,普通,50,8,True,土=13.12;血量=104.91,4,8,True,12,10.27009,4,0.0,0.0,0.0,0.0
T10,垒障,土,普通,100,8,True,土=39.82;血量=318.51,4,8,True,12,9.38797,4,0.0,0.0,0.0,0.0
T10,垒障,土,优秀,8,12,False,土=2.74;血量=21.86,5,10,False,11.76,11.67104,4.24,0.0,0.0,0.0,0.0
T10,垒障,土,优秀,20,12,True,土=5.16;血量=41.22,5,10,True,11.76,10.98841,4.24,0.0,0.0,0.0,0.0
T10,垒障,土,优秀,50,12,True,土=15.74;血量=125.89,5,10,True,11.76,10.06469,4.24,0.0,0.0,0.0,0.0
T10,垒障,土,优秀,100,12,True,土=47.78;血量=382.21,5,10,True,11.76,9.20021,4.24,0.0,0.0,0.0,0.0
T10,垒障,土,杰出,8,18,False,土=3.31;血量=26.42,5,10,False,11.52,11.43286,4.56,0.0,0.0,0.0,0.0
T10,垒障,土,杰出,20,18,True,土=6.23;血量=49.80,5,10,True,11.52,10.76416,4.56,0.0,0.0,0.0,0.0
T10,垒障,土,杰出,50,18,True,土=19.02;血量=152.12,5,10,True,11.52,9.85929,4.56,0.0,0.0,0.0,0.0
T10,垒障,土,杰出,100,18,True,土=57.73;血量=461.84,5,10,True,11.52,9.01245,4.56,0.0,0.0,0.0,0.0
T10,垒障,土,稀有,8,26,False,土=3.99;血量=31.88,6,12,False,11.28,11.19467,4.96,0.0,0.0,0.0,0.0
T10,垒障,土,稀有,20,26,False,土=7.52;血量=60.11,6,12,True,11.28,10.5399,4.96,0.0,0.0,0.0,0.0
T10,垒障,土,稀有,50,26,True,土=22.95;血量=183.59,6,12,True,11.28,9.65389,4.96,0.0,0.0,0.0,0.0
T10,垒障,土,稀有,100,26,True,土=69.68;血量=557.39,6,12,True,11.28,8.82469,4.96,0.0,0.0,0.0,0.0
T10,垒障,土,完美,8,38,False,土=4.79;血量=38.26,7,14,False,11.04,10.95649,5.44,0.0,0.0,0.0,0.0
T10,垒障,土,完美,20,38,False,土=9.02;血量=72.13,7,14,True,11.04,10.31565,5.44,0.0,0.0,0.0,0.0
T10,垒障,土,完美,50,38,True,土=27.54;血量=220.30,7,14,True,11.04,9.44848,5.44,0.0,0.0,0.0,0.0
T10,垒障,土,完美,100,38,True,土=83.61;血量=668.86,7,14,True,11.04,8.63693,5.44,0.0,0.0,0.0,0.0
T10,垒障,土,超凡,8,52,False,土=5.81;血量=46.46,8,16,False,10.8,10.71831,6.0,0.0,0.0,0.0,0.0
T10,垒障,土,超凡,20,52,False,土=10.95;血量=87.58,8,16,True,10.8,10.0914,6.0,0.0,0.0,0.0,0.0
T10,垒障,土,超凡,50,52,False,土=33.44;血量=267.51,8,16,True,10.8,9.24308,6.0,0.0,0.0,0.0,0.0
T10,垒障,土,超凡,100,52,True,土=101.53;血量=812.19,8,16,True,10.8,8.44917,6.0,0.0,0.0,0.0,0.0
T10,垒障,土,史诗,8,70,False,土=7.06;血量=56.47,10,20,False,10.44,10.36103,6.6,0.0,0.0,0.0,0.0
T10,垒障,土,史诗,20,70,False,土=13.31;血量=106.47,10,20,True,10.44,9.75502,6.6,0.0,0.0,0.0,0.0
T10,垒障,土,史诗,50,70,False,土=40.66;血量=325.21,10,20,True,10.44,8.93498,6.6,0.0,0.0,0.0,0.0
T10,垒障,土,史诗,100,70,True,土=123.43;血量=987.37,10,20,True,10.44,8.16753,6.6,0.0,0.0,0.0,0.0
T10,垒障,土,传说,8,85,False,土=8.54;血量=68.31,11,22,False,10.08,10.00375,7.2,0.0,0.0,0.0,0.0
T10,垒障,土,传说,20,85,False,土=16.10;血量=128.79,11,22,False,10.08,9.41864,7.2,0.0,0.0,0.0,0.0
T10,垒障,土,传说,50,85,False,土=49.18;血量=393.39,11,22,True,10.08,8.62688,7.2,0.0,0.0,0.0,0.0
T10,垒障,土,传说,100,85,True,土=149.30;血量=1194.39,11,22,True,10.08,7.88589,7.2,0.0,0.0,0.0,0.0
T11,震岳,力量,普通,8,8,True,力量=7.59;土=0.76,3,6,True,7,6.94705,0.4,6.072,0.0,0.0,0.87404
T11,震岳,力量,普通,20,8,True,力量=14.31;土=1.44,3,6,True,7,6.54072,0.4,11.448,0.0,0.0,1.75027
T11,震岳,力量,普通,50,8,True,力量=43.71;土=4.38,3,6,True,7,5.99089,0.4,34.968,0.0,0.0,5.83687
T11,震岳,力量,普通,100,8,True,力量=132.71;土=13.28,3,6,True,7,5.47632,0.4,106.168,0.0,0.0,19.38676
T11,震岳,力量,优秀,8,12,False,力量=9.11;土=0.92,4,8,True,6.86,6.80811,0.424,6.80064,0.0,0.0,0.9989
T11,震岳,力量,优秀,20,12,True,力量=17.18;土=1.72,4,8,True,6.86,6.4099,0.424,12.82176,0.0,0.0,2.0003
T11,震岳,力量,优秀,50,12,True,力量=52.46;土=5.25,4,8,True,6.86,5.87107,0.424,39.16416,0.0,0.0,6.6707
T11,震岳,力量,优秀,100,12,True,力量=159.26;土=15.93,4,8,True,6.86,5.36679,0.424,118.90816,0.0,0.0,22.15629
T11,震岳,力量,杰出,8,18,False,力量=11.01;土=1.11,4,8,True,6.72,6.66917,0.456,7.65072,0.0,0.0,1.14718
T11,震岳,力量,杰出,20,18,True,力量=20.75;土=2.08,4,8,True,6.72,6.27909,0.456,14.42448,0.0,0.0,2.29722
T11,震岳,力量,杰出,50,18,True,力量=63.38;土=6.34,4,8,True,6.72,5.75125,0.456,44.05968,0.0,0.0,7.66089
T11,震岳,力量,杰出,100,18,True,力量=192.43;土=19.25,4,8,True,6.72,5.25726,0.456,133.77168,0.0,0.0,25.44512
T11,震岳,力量,稀有,8,26,False,力量=13.29;土=1.33,6,12,False,6.58,6.53023,0.496,8.62224,0.0,0.0,1.32036
T11,震岳,力量,稀有,20,26,False,力量=25.05;土=2.51,6,12,True,6.58,6.14828,0.496,16.25616,0.0,0.0,2.64402
T11,震岳,力量,稀有,50,26,True,力量=76.50;土=7.65,6,12,True,6.58,5.63143,0.496,49.65456,0.0,0.0,8.81739
T11,震岳,力量,稀有,100,26,True,力量=232.25;土=23.23,6,12,True,6.58,5.14774,0.496,150.75856,0.0,0.0,29.28638
T11,震岳,力量,完美,8,38,False,力量=15.94;土=1.60,7,14,False,6.44,6.39129,0.544,9.83664,0.0,0.0,1.53907
T11,震岳,力量,完美,20,38,False,力量=30.06;土=3.01,7,14,True,6.44,6.01746,0.544,18.54576,0.0,0.0,3.08199
T11,震岳,力量,完美,50,38,True,力量=91.80;土=9.18,7,14,True,6.44,5.51162,0.544,56.64816,0.0,0.0,10.27796
T11,震岳,力量,完美,100,38,True,力量=278.70;土=27.87,7,14,True,6.44,5.03821,0.544,171.99216,0.0,0.0,34.13755
T11,震岳,力量,超凡,8,52,False,力量=19.36;土=1.94,8,16,False,6.3,6.25234,0.6,11.29392,0.0,0.0,1.80635
T11,震岳,力量,超凡,20,52,False,力量=36.50;土=3.65,7,14,True,6.3,5.88665,0.6,21.29328,0.0,0.0,3.61722
T11,震岳,力量,超凡,50,52,False,力量=111.47;土=11.15,8,16,True,6.3,5.3918,0.6,65.04048,0.0,0.0,12.06286
T11,震岳,力量,超凡,100,52,True,力量=338.42;土=33.85,8,16,True,6.3,4.92868,0.6,197.47248,0.0,0.0,40.06596
T11,震岳,力量,史诗,8,70,False,力量=23.53;土=2.36,9,18,False,6.09,6.04393,0.66,12.99408,0.0,0.0,2.14994
T11,震岳,力量,史诗,20,70,False,力量=44.37;土=4.44,9,18,True,6.09,5.69043,0.66,24.49872,0.0,0.0,4.30525
T11,震岳,力量,史诗,50,70,False,力量=135.51;土=13.56,9,18,True,6.09,5.21207,0.66,74.83152,0.0,0.0,14.35735
T11,震岳,力量,史诗,100,70,True,力量=411.41;土=41.15,9,18,True,6.09,4.76439,0.66,227.19952,0.0,0.0,47.68696
T11,震岳,力量,传说,8,85,False,力量=28.47;土=2.85,11,22,False,5.88,5.83552,0.72,15.18,0.0,0.0,2.60131
T11,震岳,力量,传说,20,85,False,力量=53.67;土=5.37,11,22,False,5.88,5.4942,0.72,28.62,0.0,0.0,5.20913
T11,震岳,力量,传说,50,85,False,力量=163.92;土=16.40,11,22,True,5.88,5.03234,0.72,87.42,0.0,0.0,17.37162
T11,震岳,力量,传说,100,85,True,力量=497.67;土=49.77,11,22,True,5.88,4.60011,0.72,265.42,0.0,0.0,57.69868
T12,负岳,力量,普通,8,8,True,力量=7.59;血量=12.15,3,6,True,4,3.96974,0,3.036,0.0,0.0,0.76479
T12,负岳,力量,普通,20,8,True,力量=14.31;血量=22.90,3,6,True,4,3.73755,0,5.724,0.0,0.0,1.53148
T12,负岳,力量,普通,50,8,True,力量=43.71;血量=69.94,3,6,True,4,3.42336,0,17.484,0.0,0.0,5.10726
T12,负岳,力量,普通,100,8,True,力量=132.71;血量=212.34,3,6,True,4,3.12932,0,53.084,0.0,0.0,16.96341
T12,负岳,力量,优秀,8,12,False,力量=9.11;血量=14.58,4,8,True,3.92,3.89035,0.0,3.40032,0.0,0.0,0.87404
T12,负岳,力量,优秀,20,12,True,力量=17.18;血量=27.48,4,8,True,3.92,3.6628,0.0,6.41088,0.0,0.0,1.75027
T12,负岳,力量,优秀,50,12,True,力量=52.46;血量=83.93,4,8,True,3.92,3.3549,0.0,19.58208,0.0,0.0,5.83687
T12,负岳,力量,优秀,100,12,True,力量=159.26;血量=254.81,4,8,True,3.92,3.06674,0.0,59.45408,0.0,0.0,19.38676
T12,负岳,力量,杰出,8,18,False,力量=11.01;血量=17.61,4,8,True,3.84,3.81095,0.0,3.82536,0.0,0.0,1.00378
T12,负岳,力量,杰出,20,18,True,力量=20.75;血量=33.20,4,8,True,3.84,3.58805,0.0,7.21224,0.0,0.0,2.01007
T12,负岳,力量,杰出,50,18,True,力量=63.38;血量=101.41,4,8,True,3.84,3.28643,0.0,22.02984,0.0,0.0,6.70328
T12,负岳,力量,杰出,100,18,True,力量=192.43;血量=307.89,4,8,True,3.84,3.00415,0.0,66.88584,0.0,0.0,22.26448
T12,负岳,力量,稀有,8,26,False,力量=13.29;血量=21.26,6,12,False,3.76,3.73156,0.0,4.31112,0.0,0.0,1.15531
T12,负岳,力量,稀有,20,26,False,力量=25.05;血量=40.07,6,12,True,3.76,3.5133,0.0,8.12808,0.0,0.0,2.31352
T12,负岳,力量,稀有,50,26,True,力量=76.50;血量=122.39,6,12,True,3.76,3.21796,0.0,24.82728,0.0,0.0,7.71522
T12,负岳,力量,稀有,100,26,True,力量=232.25;血量=371.59,6,12,True,3.76,2.94156,0.0,75.37928,0.0,0.0,25.62558
T12,负岳,力量,完美,8,38,False,力量=15.94;血量=25.51,7,14,False,3.68,3.65216,0.0,4.91832,0.0,0.0,1.34669
T12,负岳,力量,完美,20,38,False,力量=30.06;血量=48.09,7,14,True,3.68,3.43855,0.0,9.27288,0.0,0.0,2.69674
T12,负岳,力量,完美,50,38,True,力量=91.80;血量=146.87,7,14,True,3.68,3.14949,0.0,28.32408,0.0,0.0,8.99321
T12,负岳,力量,完美,100,38,True,力量=278.70;血量=445.91,7,14,True,3.68,2.87898,0.0,85.99608,0.0,0.0,29.87036
T12,负岳,力量,超凡,8,52,False,力量=19.36;血量=30.97,8,16,False,3.6,3.57277,0.0,5.64696,0.0,0.0,1.58056
T12,负岳,力量,超凡,20,52,False,力量=36.50;血量=58.39,7,14,True,3.6,3.3638,0.0,10.64664,0.0,0.0,3.16506
T12,负岳,力量,超凡,50,52,False,力量=111.47;血量=178.34,8,16,True,3.6,3.08103,0.0,32.52024,0.0,0.0,10.555
T12,负岳,力量,超凡,100,52,True,力量=338.42;血量=541.46,8,16,True,3.6,2.81639,0.0,98.73624,0.0,0.0,35.05772
T12,负岳,力量,史诗,8,70,False,力量=23.53;血量=37.65,10,20,False,3.48,3.45368,0.0,6.49704,0.0,0.0,1.8812
T12,负岳,力量,史诗,20,70,False,力量=44.37;血量=70.98,10,20,True,3.48,3.25167,0.0,12.24936,0.0,0.0,3.7671
T12,负岳,力量,史诗,50,70,False,力量=135.51;血量=216.81,10,20,True,3.48,2.97833,0.0,37.41576,0.0,0.0,12.56268
T12,负岳,力量,史诗,100,70,True,力量=411.41;血量=658.25,10,20,True,3.48,2.72251,0.0,113.59976,0.0,0.0,41.72609
T12,负岳,力量,传说,8,85,False,力量=28.47;血量=45.54,11,22,False,3.36,3.33458,0.0,7.59,0.0,0.0,2.27615
T12,负岳,力量,传说,20,85,False,力量=53.67;血量=85.86,11,22,False,3.36,3.13955,0.0,14.31,0.0,0.0,4.55798
T12,负岳,力量,传说,50,85,False,力量=163.92;血量=262.26,11,22,True,3.36,2.87563,0.0,43.71,0.0,0.0,15.20017
T12,负岳,力量,传说,100,85,True,力量=497.67;血量=796.26,11,22,True,3.36,2.62863,0.0,132.71,0.0,0.0,50.48634
T13,疾行,速度,普通,8,8,True,速度=7.59,2,4,True,0,0,0,0.0,0.0,0.0,0
T13,疾行,速度,普通,20,8,True,速度=14.31,2,4,True,0,0,0,0.0,0.0,0.0,0
T13,疾行,速度,普通,50,8,True,速度=43.71,2,4,True,0,0,0,0.0,0.0,0.0,0
T13,疾行,速度,普通,100,8,True,速度=132.71,2,4,True,0,0,0,0.0,0.0,0.0,0
T13,疾行,速度,优秀,8,12,False,速度=9.11,3,6,True,0.0,0,0.0,0.0,0.0,0.0,0
T13,疾行,速度,优秀,20,12,True,速度=17.18,3,6,True,0.0,0,0.0,0.0,0.0,0.0,0
T13,疾行,速度,优秀,50,12,True,速度=52.46,3,6,True,0.0,0,0.0,0.0,0.0,0.0,0
T13,疾行,速度,优秀,100,12,True,速度=159.26,3,6,True,0.0,0,0.0,0.0,0.0,0.0,0
T13,疾行,速度,杰出,8,18,False,速度=11.01,3,6,True,0.0,0,0.0,0.0,0.0,0.0,0
T13,疾行,速度,杰出,20,18,True,速度=20.75,3,6,True,0.0,0,0.0,0.0,0.0,0.0,0
T13,疾行,速度,杰出,50,18,True,速度=63.38,3,6,True,0.0,0,0.0,0.0,0.0,0.0,0
T13,疾行,速度,杰出,100,18,True,速度=192.43,3,6,True,0.0,0,0.0,0.0,0.0,0.0,0
T13,疾行,速度,稀有,8,26,False,速度=13.29,4,8,True,0.0,0,0.0,0.0,0.0,0.0,0
T13,疾行,速度,稀有,20,26,False,速度=25.05,4,8,True,0.0,0,0.0,0.0,0.0,0.0,0
T13,疾行,速度,稀有,50,26,True,速度=76.50,4,8,True,0.0,0,0.0,0.0,0.0,0.0,0
T13,疾行,速度,稀有,100,26,True,速度=232.25,4,8,True,0.0,0,0.0,0.0,0.0,0.0,0
T13,疾行,速度,完美,8,38,False,速度=15.94,5,10,False,0.0,0,0.0,0.0,0.0,0.0,0
T13,疾行,速度,完美,20,38,False,速度=30.06,5,10,True,0.0,0,0.0,0.0,0.0,0.0,0
T13,疾行,速度,完美,50,38,True,速度=91.80,5,10,True,0.0,0,0.0,0.0,0.0,0.0,0
T13,疾行,速度,完美,100,38,True,速度=278.70,5,10,True,0.0,0,0.0,0.0,0.0,0.0,0
T13,疾行,速度,超凡,8,52,False,速度=19.36,6,12,False,0.0,0,0.0,0.0,0.0,0.0,0
T13,疾行,速度,超凡,20,52,False,速度=36.50,5,10,True,0.0,0,0.0,0.0,0.0,0.0,0
T13,疾行,速度,超凡,50,52,False,速度=111.47,6,12,True,0.0,0,0.0,0.0,0.0,0.0,0
T13,疾行,速度,超凡,100,52,True,速度=338.42,6,12,True,0.0,0,0.0,0.0,0.0,0.0,0
T13,疾行,速度,史诗,8,70,False,速度=23.53,7,14,False,0.0,0,0.0,0.0,0.0,0.0,0
T13,疾行,速度,史诗,20,70,False,速度=44.37,7,14,True,0.0,0,0.0,0.0,0.0,0.0,0
T13,疾行,速度,史诗,50,70,False,速度=135.51,7,14,True,0.0,0,0.0,0.0,0.0,0.0,0
T13,疾行,速度,史诗,100,70,True,速度=411.41,7,14,True,0.0,0,0.0,0.0,0.0,0.0,0
T13,疾行,速度,传说,8,85,False,速度=28.47,8,16,False,0.0,0,0.0,0.0,0.0,0.0,0
T13,疾行,速度,传说,20,85,False,速度=53.67,8,16,True,0.0,0,0.0,0.0,0.0,0.0,0
T13,疾行,速度,传说,50,85,False,速度=163.92,8,16,True,0.0,0,0.0,0.0,0.0,0.0,0
T13,疾行,速度,传说,100,85,True,速度=497.67,8,16,True,0.0,0,0.0,0.0,0.0,0.0,0
T14,掠影,速度,普通,8,8,True,速度=6.08;移速=8.00,4,8,True,8,7.93949,3,0.0,0.0,0.0,0.0
T14,掠影,速度,普通,20,8,True,速度=11.45;移速=8.00,4,8,True,8,7.47511,3,0.0,0.0,0.0,0.0
T14,掠影,速度,普通,50,8,True,速度=34.97;移速=8.00,4,8,True,8,6.84673,3,0.0,0.0,0.0,0.0
T14,掠影,速度,普通,100,8,True,速度=106.17;移速=8.00,4,8,True,8,6.25865,3,0.0,0.0,0.0,0.0
T14,掠影,速度,优秀,8,12,False,速度=7.29;移速=9.60,4,8,True,7.84,7.7807,3.18,0.0,0.0,0.0,0.0
T14,掠影,速度,优秀,20,12,True,速度=13.74;移速=9.60,4,8,True,7.84,7.32561,3.18,0.0,0.0,0.0,0.0
T14,掠影,速度,优秀,50,12,True,速度=41.97;移速=9.60,4,8,True,7.84,6.70979,3.18,0.0,0.0,0.0,0.0
T14,掠影,速度,优秀,100,12,True,速度=127.41;移速=9.60,4,8,True,7.84,6.13347,3.18,0.0,0.0,0.0,0.0
T14,掠影,速度,杰出,8,18,False,速度=8.81;移速=11.60,5,10,False,7.68,7.62191,3.42,0.0,0.0,0.0,0.0
T14,掠影,速度,杰出,20,18,True,速度=16.60;移速=11.60,5,10,True,7.68,7.1761,3.42,0.0,0.0,0.0,0.0
T14,掠影,速度,杰出,50,18,True,速度=50.71;移速=11.60,5,10,True,7.68,6.57286,3.42,0.0,0.0,0.0,0.0
T14,掠影,速度,杰出,100,18,True,速度=153.95;移速=11.60,5,10,True,7.68,6.0083,3.42,0.0,0.0,0.0,0.0
T14,掠影,速度,稀有,8,26,False,速度=10.63;移速=14.00,5,10,False,7.52,7.46312,3.72,0.0,0.0,0.0,0.0
T14,掠影,速度,稀有,20,26,False,速度=20.04;移速=14.00,5,10,True,7.52,7.0266,3.72,0.0,0.0,0.0,0.0
T14,掠影,速度,稀有,50,26,True,速度=61.20;移速=14.00,5,10,True,7.52,6.43592,3.72,0.0,0.0,0.0,0.0
T14,掠影,速度,稀有,100,26,True,速度=185.80;移速=14.00,5,10,True,7.52,5.88313,3.72,0.0,0.0,0.0,0.0
T14,掠影,速度,完美,8,38,False,速度=12.76;移速=16.80,7,14,False,7.36,7.30433,4.08,0.0,0.0,0.0,0.0
T14,掠影,速度,完美,20,38,False,速度=24.05;移速=16.80,7,14,True,7.36,6.8771,4.08,0.0,0.0,0.0,0.0
T14,掠影,速度,完美,50,38,True,速度=73.44;移速=16.80,7,14,True,7.36,6.29899,4.08,0.0,0.0,0.0,0.0
T14,掠影,速度,完美,100,38,True,速度=222.96;移速=16.80,7,14,True,7.36,5.75795,4.08,0.0,0.0,0.0,0.0
T14,掠影,速度,超凡,8,52,False,速度=15.49;移速=20.40,8,16,False,7.2,7.14554,4.5,0.0,0.0,0.0,0.0
T14,掠影,速度,超凡,20,52,False,速度=29.20;移速=20.40,7,14,True,7.2,6.7276,4.5,0.0,0.0,0.0,0.0
T14,掠影,速度,超凡,50,52,False,速度=89.17;移速=20.40,8,16,True,7.2,6.16205,4.5,0.0,0.0,0.0,0.0
T14,掠影,速度,超凡,100,52,True,速度=270.73;移速=20.40,8,16,True,7.2,5.63278,4.5,0.0,0.0,0.0,0.0
T14,掠影,速度,史诗,8,70,False,速度=18.83;移速=24.80,9,18,False,6.96,6.90735,4.95,0.0,0.0,0.0,0.0
T14,掠影,速度,史诗,20,70,False,速度=35.49;移速=24.80,9,18,True,6.96,6.50334,4.95,0.0,0.0,0.0,0.0
T14,掠影,速度,史诗,50,70,False,速度=108.41;移速=24.80,9,18,True,6.96,5.95665,4.95,0.0,0.0,0.0,0.0
T14,掠影,速度,史诗,100,70,True,速度=329.13;移速=24.80,9,18,True,6.96,5.44502,4.95,0.0,0.0,0.0,0.0
T14,掠影,速度,传说,8,85,False,速度=22.77;移速=30.00,11,22,False,6.72,6.66917,5.4,0.0,0.0,0.0,0.0
T14,掠影,速度,传说,20,85,False,速度=42.93;移速=30.00,11,22,False,6.72,6.27909,5.4,0.0,0.0,0.0,0.0
T14,掠影,速度,传说,50,85,False,速度=131.13;移速=30.00,11,22,True,6.72,5.75125,5.4,0.0,0.0,0.0,0.0
T14,掠影,速度,传说,100,85,True,速度=398.13;移速=30.00,11,22,True,6.72,5.25726,5.4,0.0,0.0,0.0,0.0
T15,灵算,智力,普通,8,8,True,智力=7.59;灵力=15.18,3,6,True,0,0,0,0.0,0.0,0.0,0
T15,灵算,智力,普通,20,8,True,智力=14.31;灵力=28.62,3,6,True,0,0,0,0.0,0.0,0.0,0
T15,灵算,智力,普通,50,8,True,智力=43.71;灵力=87.42,3,6,True,0,0,0,0.0,0.0,0.0,0
T15,灵算,智力,普通,100,8,True,智力=132.71;灵力=265.42,3,6,True,0,0,0,0.0,0.0,0.0,0
T15,灵算,智力,优秀,8,12,False,智力=9.11;灵力=18.22,4,8,True,0.0,0,0.0,0.0,0.0,0.0,0
T15,灵算,智力,优秀,20,12,True,智力=17.18;灵力=34.35,4,8,True,0.0,0,0.0,0.0,0.0,0.0,0
T15,灵算,智力,优秀,50,12,True,智力=52.46;灵力=104.91,4,8,True,0.0,0,0.0,0.0,0.0,0.0,0
T15,灵算,智力,优秀,100,12,True,智力=159.26;灵力=318.51,4,8,True,0.0,0,0.0,0.0,0.0,0.0,0
T15,灵算,智力,杰出,8,18,False,智力=11.01;灵力=22.02,4,8,True,0.0,0,0.0,0.0,0.0,0.0,0
T15,灵算,智力,杰出,20,18,True,智力=20.75;灵力=41.50,4,8,True,0.0,0,0.0,0.0,0.0,0.0,0
T15,灵算,智力,杰出,50,18,True,智力=63.38;灵力=126.76,4,8,True,0.0,0,0.0,0.0,0.0,0.0,0
T15,灵算,智力,杰出,100,18,True,智力=192.43;灵力=384.86,4,8,True,0.0,0,0.0,0.0,0.0,0.0,0
T15,灵算,智力,稀有,8,26,False,智力=13.29;灵力=26.57,6,12,False,0.0,0,0.0,0.0,0.0,0.0,0
T15,灵算,智力,稀有,20,26,False,智力=25.05;灵力=50.09,6,12,True,0.0,0,0.0,0.0,0.0,0.0,0
T15,灵算,智力,稀有,50,26,True,智力=76.50;灵力=152.99,6,12,True,0.0,0,0.0,0.0,0.0,0.0,0
T15,灵算,智力,稀有,100,26,True,智力=232.25;灵力=464.49,6,12,True,0.0,0,0.0,0.0,0.0,0.0,0
T15,灵算,智力,完美,8,38,False,智力=15.94;灵力=31.88,7,14,False,0.0,0,0.0,0.0,0.0,0.0,0
T15,灵算,智力,完美,20,38,False,智力=30.06;灵力=60.11,7,14,True,0.0,0,0.0,0.0,0.0,0.0,0
T15,灵算,智力,完美,50,38,True,智力=91.80;灵力=183.59,7,14,True,0.0,0,0.0,0.0,0.0,0.0,0
T15,灵算,智力,完美,100,38,True,智力=278.70;灵力=557.39,7,14,True,0.0,0,0.0,0.0,0.0,0.0,0
T15,灵算,智力,超凡,8,52,False,智力=19.36;灵力=38.71,8,16,False,0.0,0,0.0,0.0,0.0,0.0,0
T15,灵算,智力,超凡,20,52,False,智力=36.50;灵力=72.99,7,14,True,0.0,0,0.0,0.0,0.0,0.0,0
T15,灵算,智力,超凡,50,52,False,智力=111.47;灵力=222.93,8,16,True,0.0,0,0.0,0.0,0.0,0.0,0
T15,灵算,智力,超凡,100,52,True,智力=338.42;灵力=676.83,8,16,True,0.0,0,0.0,0.0,0.0,0.0,0
T15,灵算,智力,史诗,8,70,False,智力=23.53;灵力=47.06,10,20,False,0.0,0,0.0,0.0,0.0,0.0,0
T15,灵算,智力,史诗,20,70,False,智力=44.37;灵力=88.73,10,20,True,0.0,0,0.0,0.0,0.0,0.0,0
T15,灵算,智力,史诗,50,70,False,智力=135.51;灵力=271.01,10,20,True,0.0,0,0.0,0.0,0.0,0.0,0
T15,灵算,智力,史诗,100,70,True,智力=411.41;灵力=822.81,10,20,True,0.0,0,0.0,0.0,0.0,0.0,0
T15,灵算,智力,传说,8,85,False,智力=28.47;灵力=56.93,11,22,False,0.0,0,0.0,0.0,0.0,0.0,0
T15,灵算,智力,传说,20,85,False,智力=53.67;灵力=107.33,11,22,False,0.0,0,0.0,0.0,0.0,0.0,0
T15,灵算,智力,传说,50,85,False,智力=163.92;灵力=327.83,11,22,True,0.0,0,0.0,0.0,0.0,0.0,0
T15,灵算,智力,传说,100,85,True,智力=497.67;灵力=995.33,11,22,True,0.0,0,0.0,0.0,0.0,0.0,0
T16,识破,智力,普通,8,8,True,智力=7.59;金=0.76,3,6,True,8,7.93949,4,0.0,0.0,0.0,0.0
T16,识破,智力,普通,20,8,True,智力=14.31;金=1.44,3,6,True,8,7.47511,4,0.0,0.0,0.0,0.0
T16,识破,智力,普通,50,8,True,智力=43.71;金=4.38,3,6,True,8,6.84673,4,0.0,0.0,0.0,0.0
T16,识破,智力,普通,100,8,True,智力=132.71;金=13.28,3,6,True,8,6.25865,4,0.0,0.0,0.0,0.0
T16,识破,智力,优秀,8,12,False,智力=9.11;金=0.92,4,8,True,7.84,7.7807,4.24,0.0,0.0,0.0,0.0
T16,识破,智力,优秀,20,12,True,智力=17.18;金=1.72,4,8,True,7.84,7.32561,4.24,0.0,0.0,0.0,0.0
T16,识破,智力,优秀,50,12,True,智力=52.46;金=5.25,4,8,True,7.84,6.70979,4.24,0.0,0.0,0.0,0.0
T16,识破,智力,优秀,100,12,True,智力=159.26;金=15.93,4,8,True,7.84,6.13347,4.24,0.0,0.0,0.0,0.0
T16,识破,智力,杰出,8,18,False,智力=11.01;金=1.11,4,8,True,7.68,7.62191,4.56,0.0,0.0,0.0,0.0
T16,识破,智力,杰出,20,18,True,智力=20.75;金=2.08,4,8,True,7.68,7.1761,4.56,0.0,0.0,0.0,0.0
T16,识破,智力,杰出,50,18,True,智力=63.38;金=6.34,4,8,True,7.68,6.57286,4.56,0.0,0.0,0.0,0.0
T16,识破,智力,杰出,100,18,True,智力=192.43;金=19.25,4,8,True,7.68,6.0083,4.56,0.0,0.0,0.0,0.0
T16,识破,智力,稀有,8,26,False,智力=13.29;金=1.33,6,12,False,7.52,7.46312,4.96,0.0,0.0,0.0,0.0
T16,识破,智力,稀有,20,26,False,智力=25.05;金=2.51,6,12,True,7.52,7.0266,4.96,0.0,0.0,0.0,0.0
T16,识破,智力,稀有,50,26,True,智力=76.50;金=7.65,6,12,True,7.52,6.43592,4.96,0.0,0.0,0.0,0.0
T16,识破,智力,稀有,100,26,True,智力=232.25;金=23.23,6,12,True,7.52,5.88313,4.96,0.0,0.0,0.0,0.0
T16,识破,智力,完美,8,38,False,智力=15.94;金=1.60,7,14,False,7.36,7.30433,5.44,0.0,0.0,0.0,0.0
T16,识破,智力,完美,20,38,False,智力=30.06;金=3.01,7,14,True,7.36,6.8771,5.44,0.0,0.0,0.0,0.0
T16,识破,智力,完美,50,38,True,智力=91.80;金=9.18,7,14,True,7.36,6.29899,5.44,0.0,0.0,0.0,0.0
T16,识破,智力,完美,100,38,True,智力=278.70;金=27.87,7,14,True,7.36,5.75795,5.44,0.0,0.0,0.0,0.0
T16,识破,智力,超凡,8,52,False,智力=19.36;金=1.94,8,16,False,7.2,7.14554,6.0,0.0,0.0,0.0,0.0
T16,识破,智力,超凡,20,52,False,智力=36.50;金=3.65,7,14,True,7.2,6.7276,6.0,0.0,0.0,0.0,0.0
T16,识破,智力,超凡,50,52,False,智力=111.47;金=11.15,8,16,True,7.2,6.16205,6.0,0.0,0.0,0.0,0.0
T16,识破,智力,超凡,100,52,True,智力=338.42;金=33.85,8,16,True,7.2,5.63278,6.0,0.0,0.0,0.0,0.0
T16,识破,智力,史诗,8,70,False,智力=23.53;金=2.36,9,18,False,6.96,6.90735,6.6,0.0,0.0,0.0,0.0
T16,识破,智力,史诗,20,70,False,智力=44.37;金=4.44,9,18,True,6.96,6.50334,6.6,0.0,0.0,0.0,0.0
T16,识破,智力,史诗,50,70,False,智力=135.51;金=13.56,9,18,True,6.96,5.95665,6.6,0.0,0.0,0.0,0.0
T16,识破,智力,史诗,100,70,True,智力=411.41;金=41.15,9,18,True,6.96,5.44502,6.6,0.0,0.0,0.0,0.0
T16,识破,智力,传说,8,85,False,智力=28.47;金=2.85,11,22,False,6.72,6.66917,7.2,0.0,0.0,0.0,0.0
T16,识破,智力,传说,20,85,False,智力=53.67;金=5.37,11,22,False,6.72,6.27909,7.2,0.0,0.0,0.0,0.0
T16,识破,智力,传说,50,85,False,智力=163.92;金=16.40,11,22,True,6.72,5.75125,7.2,0.0,0.0,0.0,0.0
T16,识破,智力,传说,100,85,True,智力=497.67;金=49.77,11,22,True,6.72,5.25726,7.2,0.0,0.0,0.0,0.0
T17,浴血,血量,普通,8,8,True,血量=24.29;力量=3.04,3,6,True,5,4.96218,0,3.795,0.0,0.0,0.76479
T17,浴血,血量,普通,20,8,True,血量=45.80;力量=5.73,3,6,True,5,4.67194,0,7.155,0.0,0.0,1.53148
T17,浴血,血量,普通,50,8,True,血量=139.88;力量=17.49,3,6,True,5,4.2792,0,21.855,0.0,0.0,5.10726
T17,浴血,血量,普通,100,8,True,血量=424.68;力量=53.09,3,6,True,5,3.91165,0,66.355,0.0,0.0,16.96341
T17,浴血,血量,优秀,8,12,False,血量=29.15;力量=3.65,3,6,True,4.9,4.86293,0.0,4.2504,0.0,0.0,0.87404
T17,浴血,血量,优秀,20,12,True,血量=54.96;力量=6.87,3,6,True,4.9,4.5785,0.0,8.0136,0.0,0.0,1.75027
T17,浴血,血量,优秀,50,12,True,血量=167.85;力量=20.99,3,6,True,4.9,4.19362,0.0,24.4776,0.0,0.0,5.83687
T17,浴血,血量,优秀,100,12,True,血量=509.61;力量=63.71,3,6,True,4.9,3.83342,0.0,74.3176,0.0,0.0,19.38676
T17,浴血,血量,杰出,8,18,False,血量=35.22;力量=4.41,4,8,True,4.8,4.76369,0.0,4.7817,0.0,0.0,1.00378
T17,浴血,血量,杰出,20,18,True,血量=66.40;力量=8.30,4,8,True,4.8,4.48506,0.0,9.0153,0.0,0.0,2.01007
T17,浴血,血量,杰出,50,18,True,血量=202.82;力量=25.36,4,8,True,4.8,4.10804,0.0,27.5373,0.0,0.0,6.70328
T17,浴血,血量,杰出,100,18,True,血量=615.78;力量=76.98,4,8,True,4.8,3.75519,0.0,83.6073,0.0,0.0,22.26448
T17,浴血,血量,稀有,8,26,False,血量=42.51;力量=5.32,5,10,False,4.7,4.66445,0.0,5.3889,0.0,0.0,1.15531
T17,浴血,血量,稀有,20,26,False,血量=80.14;力量=10.02,5,10,True,4.7,4.39163,0.0,10.1601,0.0,0.0,2.31352
T17,浴血,血量,稀有,50,26,True,血量=244.78;力量=30.60,5,10,True,4.7,4.02245,0.0,31.0341,0.0,0.0,7.71522
T17,浴血,血量,稀有,100,26,True,血量=743.18;力量=92.90,5,10,True,4.7,3.67695,0.0,94.2241,0.0,0.0,25.62558
T17,浴血,血量,完美,8,38,False,血量=51.01;力量=6.38,5,10,False,4.6,4.5652,0.0,6.1479,0.0,0.0,1.34669
T17,浴血,血量,完美,20,38,False,血量=96.17;力量=12.03,5,10,True,4.6,4.29819,0.0,11.5911,0.0,0.0,2.69674
T17,浴血,血量,完美,50,38,True,血量=293.74;力量=36.72,5,10,True,4.6,3.93687,0.0,35.4051,0.0,0.0,8.99321
T17,浴血,血量,完美,100,38,True,血量=891.82;力量=111.48,5,10,True,4.6,3.59872,0.0,107.4951,0.0,0.0,29.87036
T17,浴血,血量,超凡,8,52,False,血量=61.94;力量=7.75,7,14,False,4.5,4.46596,0.0,7.0587,0.0,0.0,1.58056
T17,浴血,血量,超凡,20,52,False,血量=116.77;力量=14.60,6,12,True,4.5,4.20475,0.0,13.3083,0.0,0.0,3.16506
T17,浴血,血量,超凡,50,52,False,血量=356.68;力量=44.59,7,14,True,4.5,3.85128,0.0,40.6503,0.0,0.0,10.555
T17,浴血,血量,超凡,100,52,True,血量=1082.92;力量=135.37,7,14,True,4.5,3.52049,0.0,123.4203,0.0,0.0,35.05772
T17,浴血,血量,史诗,8,70,False,血量=75.30;力量=9.42,8,16,False,4.35,4.3171,0.0,8.1213,0.0,0.0,1.8812
T17,浴血,血量,史诗,20,70,False,血量=141.96;力量=17.75,8,16,True,4.35,4.06459,0.0,15.3117,0.0,0.0,3.7671
T17,浴血,血量,史诗,50,70,False,血量=433.61;力量=54.21,8,16,True,4.35,3.72291,0.0,46.7697,0.0,0.0,12.56268
T17,浴血,血量,史诗,100,70,True,血量=1316.49;力量=164.57,8,16,True,4.35,3.40314,0.0,141.9997,0.0,0.0,41.72609
T17,浴血,血量,传说,8,85,False,血量=91.08;力量=11.39,8,16,False,4.2,4.16823,0.0,9.4875,0.0,0.0,2.27615
T17,浴血,血量,传说,20,85,False,血量=171.72;力量=21.47,9,18,True,4.2,3.92443,0.0,17.8875,0.0,0.0,4.55798
T17,浴血,血量,传说,50,85,False,血量=524.52;力量=65.57,9,18,True,4.2,3.59453,0.0,54.6375,0.0,0.0,15.20017
T17,浴血,血量,传说,100,85,True,血量=1592.52;力量=199.07,9,18,True,4.2,3.28579,0.0,165.8875,0.0,0.0,50.48634
T18,归元,血量,普通,8,8,True,血量=24.29,2,4,True,0,0,3,0.0,0.0,0.0,0
T18,归元,血量,普通,20,8,True,血量=45.80,2,4,True,0,0,3,0.0,0.0,0.0,0
T18,归元,血量,普通,50,8,True,血量=139.88,2,4,True,0,0,3,0.0,0.0,0.0,0
T18,归元,血量,普通,100,8,True,血量=424.68,2,4,True,0,0,3,0.0,0.0,0.0,0
T18,归元,血量,优秀,8,12,False,血量=29.15,2,4,True,0.0,0,3.18,0.0,0.0,0.0,0
T18,归元,血量,优秀,20,12,True,血量=54.96,2,4,True,0.0,0,3.18,0.0,0.0,0.0,0
T18,归元,血量,优秀,50,12,True,血量=167.85,2,4,True,0.0,0,3.18,0.0,0.0,0.0,0
T18,归元,血量,优秀,100,12,True,血量=509.61,2,4,True,0.0,0,3.18,0.0,0.0,0.0,0
T18,归元,血量,杰出,8,18,False,血量=35.22,2,4,True,0.0,0,3.42,0.0,0.0,0.0,0
T18,归元,血量,杰出,20,18,True,血量=66.40,2,4,True,0.0,0,3.42,0.0,0.0,0.0,0
T18,归元,血量,杰出,50,18,True,血量=202.82,2,4,True,0.0,0,3.42,0.0,0.0,0.0,0
T18,归元,血量,杰出,100,18,True,血量=615.78,2,4,True,0.0,0,3.42,0.0,0.0,0.0,0
T18,归元,血量,稀有,8,26,False,血量=42.51,3,6,True,0.0,0,3.72,0.0,0.0,0.0,0
T18,归元,血量,稀有,20,26,False,血量=80.14,3,6,True,0.0,0,3.72,0.0,0.0,0.0,0
T18,归元,血量,稀有,50,26,True,血量=244.78,3,6,True,0.0,0,3.72,0.0,0.0,0.0,0
T18,归元,血量,稀有,100,26,True,血量=743.18,3,6,True,0.0,0,3.72,0.0,0.0,0.0,0
T18,归元,血量,完美,8,38,False,血量=51.01,3,6,True,0.0,0,4.08,0.0,0.0,0.0,0
T18,归元,血量,完美,20,38,False,血量=96.17,3,6,True,0.0,0,4.08,0.0,0.0,0.0,0
T18,归元,血量,完美,50,38,True,血量=293.74,3,6,True,0.0,0,4.08,0.0,0.0,0.0,0
T18,归元,血量,完美,100,38,True,血量=891.82,3,6,True,0.0,0,4.08,0.0,0.0,0.0,0
T18,归元,血量,超凡,8,52,False,血量=61.94,4,8,True,0.0,0,4.5,0.0,0.0,0.0,0
T18,归元,血量,超凡,20,52,False,血量=116.77,4,8,True,0.0,0,4.5,0.0,0.0,0.0,0
T18,归元,血量,超凡,50,52,False,血量=356.68,4,8,True,0.0,0,4.5,0.0,0.0,0.0,0
T18,归元,血量,超凡,100,52,True,血量=1082.92,4,8,True,0.0,0,4.5,0.0,0.0,0.0,0
T18,归元,血量,史诗,8,70,False,血量=75.30,5,10,False,0.0,0,4.95,0.0,0.0,0.0,0
T18,归元,血量,史诗,20,70,False,血量=141.96,5,10,True,0.0,0,4.95,0.0,0.0,0.0,0
T18,归元,血量,史诗,50,70,False,血量=433.61,5,10,True,0.0,0,4.95,0.0,0.0,0.0,0
T18,归元,血量,史诗,100,70,True,血量=1316.49,5,10,True,0.0,0,4.95,0.0,0.0,0.0,0
T18,归元,血量,传说,8,85,False,血量=91.08,5,10,False,0.0,0,5.4,0.0,0.0,0.0,0
T18,归元,血量,传说,20,85,False,血量=171.72,6,12,True,0.0,0,5.4,0.0,0.0,0.0,0
T18,归元,血量,传说,50,85,False,血量=524.52,6,12,True,0.0,0,5.4,0.0,0.0,0.0,0
T18,归元,血量,传说,100,85,True,血量=1592.52,6,12,True,0.0,0,5.4,0.0,0.0,0.0,0
T19,灵泉,灵力,普通,8,8,True,灵力=30.36;智力=3.04,3,6,True,10,9.92436,3,0.0,0.0,0.0,0.0
T19,灵泉,灵力,普通,20,8,True,灵力=57.24;智力=5.73,3,6,True,10,9.34388,3,0.0,0.0,0.0,0.0
T19,灵泉,灵力,普通,50,8,True,灵力=174.84;智力=17.49,3,6,True,10,8.55841,3,0.0,0.0,0.0,0.0
T19,灵泉,灵力,普通,100,8,True,灵力=530.84;智力=53.09,3,6,True,10,7.82331,3,0.0,0.0,0.0,0.0
T19,灵泉,灵力,优秀,8,12,False,灵力=36.44;智力=3.65,3,6,True,9.8,9.72587,3.18,0.0,0.0,0.0,0.0
T19,灵泉,灵力,优秀,20,12,True,灵力=68.69;智力=6.87,3,6,True,9.8,9.15701,3.18,0.0,0.0,0.0,0.0
T19,灵泉,灵力,优秀,50,12,True,灵力=209.81;智力=20.99,3,6,True,9.8,8.38724,3.18,0.0,0.0,0.0,0.0
T19,灵泉,灵力,优秀,100,12,True,灵力=637.01;智力=63.71,3,6,True,9.8,7.66684,3.18,0.0,0.0,0.0,0.0
T19,灵泉,灵力,杰出,8,18,False,灵力=44.03;智力=4.41,4,8,True,9.6,9.52738,3.42,0.0,0.0,0.0,0.0
T19,灵泉,灵力,杰出,20,18,True,灵力=83.00;智力=8.30,4,8,True,9.6,8.97013,3.42,0.0,0.0,0.0,0.0
T19,灵泉,灵力,杰出,50,18,True,灵力=253.52;智力=25.36,4,8,True,9.6,8.21607,3.42,0.0,0.0,0.0,0.0
T19,灵泉,灵力,杰出,100,18,True,灵力=769.72;智力=76.98,4,8,True,9.6,7.51038,3.42,0.0,0.0,0.0,0.0
T19,灵泉,灵力,稀有,8,26,False,灵力=53.13;智力=5.32,5,10,False,9.4,9.3289,3.72,0.0,0.0,0.0,0.0
T19,灵泉,灵力,稀有,20,26,False,灵力=100.17;智力=10.02,5,10,True,9.4,8.78325,3.72,0.0,0.0,0.0,0.0
T19,灵泉,灵力,稀有,50,26,True,灵力=305.97;智力=30.60,5,10,True,9.4,8.0449,3.72,0.0,0.0,0.0,0.0
T19,灵泉,灵力,稀有,100,26,True,灵力=928.97;智力=92.90,5,10,True,9.4,7.35391,3.72,0.0,0.0,0.0,0.0
T19,灵泉,灵力,完美,8,38,False,灵力=63.76;智力=6.38,5,10,False,9.2,9.13041,4.08,0.0,0.0,0.0,0.0
T19,灵泉,灵力,完美,20,38,False,灵力=120.21;智力=12.03,5,10,True,9.2,8.59637,4.08,0.0,0.0,0.0,0.0
T19,灵泉,灵力,完美,50,38,True,灵力=367.17;智力=36.72,5,10,True,9.2,7.87374,4.08,0.0,0.0,0.0,0.0
T19,灵泉,灵力,完美,100,38,True,灵力=1114.77;智力=111.48,5,10,True,9.2,7.19744,4.08,0.0,0.0,0.0,0.0
T19,灵泉,灵力,超凡,8,52,False,灵力=77.42;智力=7.75,7,14,False,9.0,8.93192,4.5,0.0,0.0,0.0,0.0
T19,灵泉,灵力,超凡,20,52,False,灵力=145.97;智力=14.60,6,12,True,9.0,8.4095,4.5,0.0,0.0,0.0,0.0
T19,灵泉,灵力,超凡,50,52,False,灵力=445.85;智力=44.59,7,14,True,9.0,7.70257,4.5,0.0,0.0,0.0,0.0
T19,灵泉,灵力,超凡,100,52,True,灵力=1353.65;智力=135.37,7,14,True,9.0,7.04098,4.5,0.0,0.0,0.0,0.0
T19,灵泉,灵力,史诗,8,70,False,灵力=94.12;智力=9.42,8,16,False,8.7,8.63419,4.95,0.0,0.0,0.0,0.0
T19,灵泉,灵力,史诗,20,70,False,灵力=177.45;智力=17.75,8,16,True,8.7,8.12918,4.95,0.0,0.0,0.0,0.0
T19,灵泉,灵力,史诗,50,70,False,灵力=542.01;智力=54.21,8,16,True,8.7,7.44582,4.95,0.0,0.0,0.0,0.0
T19,灵泉,灵力,史诗,100,70,True,灵力=1645.61;智力=164.57,8,16,True,8.7,6.80628,4.95,0.0,0.0,0.0,0.0
T19,灵泉,灵力,传说,8,85,False,灵力=113.85;智力=11.39,8,16,False,8.4,8.33646,5.4,0.0,0.0,0.0,0.0
T19,灵泉,灵力,传说,20,85,False,灵力=214.65;智力=21.47,8,16,True,8.4,7.84886,5.4,0.0,0.0,0.0,0.0
T19,灵泉,灵力,传说,50,85,False,灵力=655.65;智力=65.57,8,16,True,8.4,7.18906,5.4,0.0,0.0,0.0,0.0
T19,灵泉,灵力,传说,100,85,True,灵力=1990.65;智力=199.07,8,16,True,8.4,6.57158,5.4,0.0,0.0,0.0,0.0
T20,灵爆,灵力,普通,8,8,True,灵力=30.36;范围=1.00,3,6,True,8,7.93949,0,7.59,0.0,0.0,0.95598
T20,灵爆,灵力,普通,20,8,True,灵力=57.24;范围=1.00,3,6,True,8,7.47511,0,14.31,0.0,0.0,1.91435
T20,灵爆,灵力,普通,50,8,True,灵力=174.84;范围=1.00,3,6,True,8,6.84673,0,43.71,0.0,0.0,6.38407
T20,灵爆,灵力,普通,100,8,True,灵力=530.84;范围=1.00,3,6,True,8,6.25865,0,132.71,0.0,0.0,21.20426
T20,灵爆,灵力,优秀,8,12,False,灵力=36.44;范围=2.00,4,8,True,7.84,7.7807,0.0,8.5008,0.0,0.0,1.09255
T20,灵爆,灵力,优秀,20,12,True,灵力=68.69;范围=2.00,4,8,True,7.84,7.32561,0.0,16.0272,0.0,0.0,2.18783
T20,灵爆,灵力,优秀,50,12,True,灵力=209.81;范围=2.00,4,8,True,7.84,6.70979,0.0,48.9552,0.0,0.0,7.29608
T20,灵爆,灵力,优秀,100,12,True,灵力=637.01;范围=2.00,4,8,True,7.84,6.13347,0.0,148.6352,0.0,0.0,24.23345
T20,灵爆,灵力,杰出,8,18,False,灵力=44.03;范围=2.00,4,8,True,7.68,7.62191,0.0,9.5634,0.0,0.0,1.25473
T20,灵爆,灵力,杰出,20,18,True,灵力=83.00;范围=2.00,4,8,True,7.68,7.1761,0.0,18.0306,0.0,0.0,2.51259
T20,灵爆,灵力,杰出,50,18,True,灵力=253.52;范围=2.00,4,8,True,7.68,6.57286,0.0,55.0746,0.0,0.0,8.37909
T20,灵爆,灵力,杰出,100,18,True,灵力=769.72;范围=2.00,4,8,True,7.68,6.0083,0.0,167.2146,0.0,0.0,27.8306
T20,灵爆,灵力,稀有,8,26,False,灵力=53.13;范围=2.00,5,10,False,7.52,7.46312,0.0,10.7778,0.0,0.0,1.44414
T20,灵爆,灵力,稀有,20,26,False,灵力=100.17;范围=2.00,5,10,True,7.52,7.0266,0.0,20.3202,0.0,0.0,2.8919
T20,灵爆,灵力,稀有,50,26,True,灵力=305.97;范围=2.00,5,10,True,7.52,6.43592,0.0,62.0682,0.0,0.0,9.64402
T20,灵爆,灵力,稀有,100,26,True,灵力=928.97;范围=2.00,5,10,True,7.52,5.88313,0.0,188.4482,0.0,0.0,32.03197
T20,灵爆,灵力,完美,8,38,False,灵力=63.76;范围=3.00,6,12,False,7.36,7.30433,0.0,12.2958,0.0,0.0,1.68336
T20,灵爆,灵力,完美,20,38,False,灵力=120.21;范围=3.00,6,12,True,7.36,6.8771,0.0,23.1822,0.0,0.0,3.37093
T20,灵爆,灵力,完美,50,38,True,灵力=367.17;范围=3.00,6,12,True,7.36,6.29899,0.0,70.8102,0.0,0.0,11.24152
T20,灵爆,灵力,完美,100,38,True,灵力=1114.77;范围=3.00,6,12,True,7.36,5.75795,0.0,214.9902,0.0,0.0,37.33794
T20,灵爆,灵力,超凡,8,52,False,灵力=77.42;范围=3.00,7,14,False,7.2,7.14554,0.0,14.1174,0.0,0.0,1.97569
T20,灵爆,灵力,超凡,20,52,False,灵力=145.97;范围=3.00,7,14,True,7.2,6.7276,0.0,26.6166,0.0,0.0,3.95633
T20,灵爆,灵力,超凡,50,52,False,灵力=445.85;范围=3.00,7,14,True,7.2,6.16205,0.0,81.3006,0.0,0.0,13.19375
T20,灵爆,灵力,超凡,100,52,True,灵力=1353.65;范围=3.00,7,14,True,7.2,5.63278,0.0,246.8406,0.0,0.0,43.82215
T20,灵爆,灵力,史诗,8,70,False,灵力=94.12;范围=4.00,9,18,False,6.96,6.90735,0.0,16.2426,0.0,0.0,2.35149
T20,灵爆,灵力,史诗,20,70,False,灵力=177.45;范围=4.00,9,18,True,6.96,6.50334,0.0,30.6234,0.0,0.0,4.70887
T20,灵爆,灵力,史诗,50,70,False,灵力=542.01;范围=4.00,9,18,True,6.96,5.95665,0.0,93.5394,0.0,0.0,15.70335
T20,灵爆,灵力,史诗,100,70,True,灵力=1645.61;范围=4.00,9,18,True,6.96,5.44502,0.0,283.9994,0.0,0.0,52.15762
T20,灵爆,灵力,传说,8,85,False,灵力=113.85;范围=4.00,9,18,False,6.72,6.66917,0.0,18.975,0.0,0.0,2.84518
T20,灵爆,灵力,传说,20,85,False,灵力=214.65;范围=4.00,9,18,True,6.72,6.27909,0.0,35.775,0.0,0.0,5.69748
T20,灵爆,灵力,传说,50,85,False,灵力=655.65;范围=4.00,9,18,True,6.72,5.75125,0.0,109.275,0.0,0.0,19.00021
T20,灵爆,灵力,传说,100,85,True,灵力=1990.65;范围=4.00,9,18,True,6.72,5.25726,0.0,331.775,0.0,0.0,63.10793
T21,砺甲,防御,普通,8,8,True,防御=6.08;力量=3.04,3,6,True,0,0,3,0.0,0.0,0.0,0
T21,砺甲,防御,普通,20,8,True,防御=11.45;力量=5.73,3,6,True,0,0,3,0.0,0.0,0.0,0
T21,砺甲,防御,普通,50,8,True,防御=34.97;力量=17.49,3,6,True,0,0,3,0.0,0.0,0.0,0
T21,砺甲,防御,普通,100,8,True,防御=106.17;力量=53.09,3,6,True,0,0,3,0.0,0.0,0.0,0
T21,砺甲,防御,优秀,8,12,False,防御=7.29;力量=3.65,3,6,True,0.0,0,3.18,0.0,0.0,0.0,0
T21,砺甲,防御,优秀,20,12,True,防御=13.74;力量=6.87,3,6,True,0.0,0,3.18,0.0,0.0,0.0,0
T21,砺甲,防御,优秀,50,12,True,防御=41.97;力量=20.99,3,6,True,0.0,0,3.18,0.0,0.0,0.0,0
T21,砺甲,防御,优秀,100,12,True,防御=127.41;力量=63.71,3,6,True,0.0,0,3.18,0.0,0.0,0.0,0
T21,砺甲,防御,杰出,8,18,False,防御=8.81;力量=4.41,4,8,True,0.0,0,3.42,0.0,0.0,0.0,0
T21,砺甲,防御,杰出,20,18,True,防御=16.60;力量=8.30,4,8,True,0.0,0,3.42,0.0,0.0,0.0,0
T21,砺甲,防御,杰出,50,18,True,防御=50.71;力量=25.36,4,8,True,0.0,0,3.42,0.0,0.0,0.0,0
T21,砺甲,防御,杰出,100,18,True,防御=153.95;力量=76.98,4,8,True,0.0,0,3.42,0.0,0.0,0.0,0
T21,砺甲,防御,稀有,8,26,False,防御=10.63;力量=5.32,5,10,False,0.0,0,3.72,0.0,0.0,0.0,0
T21,砺甲,防御,稀有,20,26,False,防御=20.04;力量=10.02,4,8,True,0.0,0,3.72,0.0,0.0,0.0,0
T21,砺甲,防御,稀有,50,26,True,防御=61.20;力量=30.60,4,8,True,0.0,0,3.72,0.0,0.0,0.0,0
T21,砺甲,防御,稀有,100,26,True,防御=185.80;力量=92.90,4,8,True,0.0,0,3.72,0.0,0.0,0.0,0
T21,砺甲,防御,完美,8,38,False,防御=12.76;力量=6.38,5,10,False,0.0,0,4.08,0.0,0.0,0.0,0
T21,砺甲,防御,完美,20,38,False,防御=24.05;力量=12.03,5,10,True,0.0,0,4.08,0.0,0.0,0.0,0
T21,砺甲,防御,完美,50,38,True,防御=73.44;力量=36.72,5,10,True,0.0,0,4.08,0.0,0.0,0.0,0
T21,砺甲,防御,完美,100,38,True,防御=222.96;力量=111.48,5,10,True,0.0,0,4.08,0.0,0.0,0.0,0
T21,砺甲,防御,超凡,8,52,False,防御=15.49;力量=7.75,6,12,False,0.0,0,4.5,0.0,0.0,0.0,0
T21,砺甲,防御,超凡,20,52,False,防御=29.20;力量=14.60,5,10,True,0.0,0,4.5,0.0,0.0,0.0,0
T21,砺甲,防御,超凡,50,52,False,防御=89.17;力量=44.59,6,12,True,0.0,0,4.5,0.0,0.0,0.0,0
T21,砺甲,防御,超凡,100,52,True,防御=270.73;力量=135.37,6,12,True,0.0,0,4.5,0.0,0.0,0.0,0
T21,砺甲,防御,史诗,8,70,False,防御=18.83;力量=9.42,7,14,False,0.0,0,4.95,0.0,0.0,0.0,0
T21,砺甲,防御,史诗,20,70,False,防御=35.49;力量=17.75,7,14,True,0.0,0,4.95,0.0,0.0,0.0,0
T21,砺甲,防御,史诗,50,70,False,防御=108.41;力量=54.21,7,14,True,0.0,0,4.95,0.0,0.0,0.0,0
T21,砺甲,防御,史诗,100,70,True,防御=329.13;力量=164.57,7,14,True,0.0,0,4.95,0.0,0.0,0.0,0
T21,砺甲,防御,传说,8,85,False,防御=22.77;力量=11.39,8,16,False,0.0,0,5.4,0.0,0.0,0.0,0
T21,砺甲,防御,传说,20,85,False,防御=42.93;力量=21.47,8,16,True,0.0,0,5.4,0.0,0.0,0.0,0
T21,砺甲,防御,传说,50,85,False,防御=131.13;力量=65.57,8,16,True,0.0,0,5.4,0.0,0.0,0.0,0
T21,砺甲,防御,传说,100,85,True,防御=398.13;力量=199.07,8,16,True,0.0,0,5.4,0.0,0.0,0.0,0
T22,反震,防御,普通,8,8,True,防御=6.08;土=0.76,3,6,True,5,4.96218,0,4.554,0.0,0.0,0.91774
T22,反震,防御,普通,20,8,True,防御=11.45;土=1.44,3,6,True,5,4.67194,0,8.586,0.0,0.0,1.83778
T22,反震,防御,普通,50,8,True,防御=34.97;土=4.38,3,6,True,5,4.2792,0,26.226,0.0,0.0,6.12871
T22,反震,防御,普通,100,8,True,防御=106.17;土=13.28,3,6,True,5,3.91165,0,79.626,0.0,0.0,20.35609
T22,反震,防御,优秀,8,12,False,防御=7.29;土=0.92,3,6,True,4.9,4.86293,0.0,5.10048,0.0,0.0,1.04885
T22,反震,防御,优秀,20,12,True,防御=13.74;土=1.72,3,6,True,4.9,4.5785,0.0,9.61632,0.0,0.0,2.10032
T22,反震,防御,优秀,50,12,True,防御=41.97;土=5.25,3,6,True,4.9,4.19362,0.0,29.37312,0.0,0.0,7.00424
T22,反震,防御,优秀,100,12,True,防御=127.41;土=15.93,3,6,True,4.9,3.83342,0.0,89.18112,0.0,0.0,23.26411
T22,反震,防御,杰出,8,18,False,防御=8.81;土=1.11,3,6,True,4.8,4.76369,0.0,5.73804,0.0,0.0,1.20454
T22,反震,防御,杰出,20,18,True,防御=16.60;土=2.08,3,6,True,4.8,4.48506,0.0,10.81836,0.0,0.0,2.41209
T22,反震,防御,杰出,50,18,True,防御=50.71;土=6.34,3,6,True,4.8,4.10804,0.0,33.04476,0.0,0.0,8.04393
T22,反震,防御,杰出,100,18,True,防御=153.95;土=19.25,3,6,True,4.8,3.75519,0.0,100.32876,0.0,0.0,26.71737
T22,反震,防御,稀有,8,26,False,防御=10.63;土=1.33,5,10,False,4.7,4.66445,0.0,6.46668,0.0,0.0,1.38638
T22,反震,防御,稀有,20,26,False,防御=20.04;土=2.51,4,8,True,4.7,4.39163,0.0,12.19212,0.0,0.0,2.77622
T22,反震,防御,稀有,50,26,True,防御=61.20;土=7.65,4,8,True,4.7,4.02245,0.0,37.24092,0.0,0.0,9.25826
T22,反震,防御,稀有,100,26,True,防御=185.80;土=23.23,4,8,True,4.7,3.67695,0.0,113.06892,0.0,0.0,30.7507
T22,反震,防御,完美,8,38,False,防御=12.76;土=1.60,5,10,False,4.6,4.5652,0.0,7.37748,0.0,0.0,1.61602
T22,反震,防御,完美,20,38,False,防御=24.05;土=3.01,5,10,True,4.6,4.29819,0.0,13.90932,0.0,0.0,3.23609
T22,反震,防御,完美,50,38,True,防御=73.44;土=9.18,5,10,True,4.6,3.93687,0.0,42.48612,0.0,0.0,10.79186
T22,反震,防御,完美,100,38,True,防御=222.96;土=27.87,5,10,True,4.6,3.59872,0.0,128.99412,0.0,0.0,35.84443
T22,反震,防御,超凡,8,52,False,防御=15.49;土=1.94,5,10,False,4.5,4.46596,0.0,8.47044,0.0,0.0,1.89667
T22,反震,防御,超凡,20,52,False,防御=29.20;土=3.65,5,10,True,4.5,4.20475,0.0,15.96996,0.0,0.0,3.79808
T22,反震,防御,超凡,50,52,False,防御=89.17;土=11.15,5,10,True,4.5,3.85128,0.0,48.78036,0.0,0.0,12.666
T22,反震,防御,超凡,100,52,True,防御=270.73;土=33.85,5,10,True,4.5,3.52049,0.0,148.10436,0.0,0.0,42.06926
T22,反震,防御,史诗,8,70,False,防御=18.83;土=2.36,6,12,False,4.35,4.3171,0.0,9.74556,0.0,0.0,2.25743
T22,反震,防御,史诗,20,70,False,防御=35.49;土=4.44,6,12,True,4.35,4.06459,0.0,18.37404,0.0,0.0,4.52052
T22,反震,防御,史诗,50,70,False,防御=108.41;土=13.56,6,12,True,4.35,3.72291,0.0,56.12364,0.0,0.0,15.07522
T22,反震,防御,史诗,100,70,True,防御=329.13;土=41.15,6,12,True,4.35,3.40314,0.0,170.39964,0.0,0.0,50.07131
T22,反震,防御,传说,8,85,False,防御=22.77;土=2.85,8,16,False,4.2,4.16823,0.0,11.385,0.0,0.0,2.73138
T22,反震,防御,传说,20,85,False,防御=42.93;土=5.37,8,16,True,4.2,3.92443,0.0,21.465,0.0,0.0,5.46958
T22,反震,防御,传说,50,85,False,防御=131.13;土=16.40,8,16,True,4.2,3.59453,0.0,65.565,0.0,0.0,18.24021
T22,反震,防御,传说,100,85,True,防御=398.13;土=49.77,8,16,True,4.2,3.28579,0.0,199.065,0.0,0.0,60.58361
T23,护灵,护盾,普通,8,8,True,护盾=12.15;智力=3.04,3,6,True,8,7.93949,4,0.0,0.0,0.0,0.0
T23,护灵,护盾,普通,20,8,True,护盾=22.90;智力=5.73,3,6,True,8,7.47511,4,0.0,0.0,0.0,0.0
T23,护灵,护盾,普通,50,8,True,护盾=69.94;智力=17.49,3,6,True,8,6.84673,4,0.0,0.0,0.0,0.0
T23,护灵,护盾,普通,100,8,True,护盾=212.34;智力=53.09,3,6,True,8,6.25865,4,0.0,0.0,0.0,0.0
T23,护灵,护盾,优秀,8,12,False,护盾=14.58;智力=3.65,3,6,True,7.84,7.7807,4.24,0.0,0.0,0.0,0.0
T23,护灵,护盾,优秀,20,12,True,护盾=27.48;智力=6.87,3,6,True,7.84,7.32561,4.24,0.0,0.0,0.0,0.0
T23,护灵,护盾,优秀,50,12,True,护盾=83.93;智力=20.99,3,6,True,7.84,6.70979,4.24,0.0,0.0,0.0,0.0
T23,护灵,护盾,优秀,100,12,True,护盾=254.81;智力=63.71,3,6,True,7.84,6.13347,4.24,0.0,0.0,0.0,0.0
T23,护灵,护盾,杰出,8,18,False,护盾=17.61;智力=4.41,4,8,True,7.68,7.62191,4.56,0.0,0.0,0.0,0.0
T23,护灵,护盾,杰出,20,18,True,护盾=33.20;智力=8.30,4,8,True,7.68,7.1761,4.56,0.0,0.0,0.0,0.0
T23,护灵,护盾,杰出,50,18,True,护盾=101.41;智力=25.36,4,8,True,7.68,6.57286,4.56,0.0,0.0,0.0,0.0
T23,护灵,护盾,杰出,100,18,True,护盾=307.89;智力=76.98,4,8,True,7.68,6.0083,4.56,0.0,0.0,0.0,0.0
T23,护灵,护盾,稀有,8,26,False,护盾=21.26;智力=5.32,4,8,True,7.52,7.46312,4.96,0.0,0.0,0.0,0.0
T23,护灵,护盾,稀有,20,26,False,护盾=40.07;智力=10.02,5,10,True,7.52,7.0266,4.96,0.0,0.0,0.0,0.0
T23,护灵,护盾,稀有,50,26,True,护盾=122.39;智力=30.60,5,10,True,7.52,6.43592,4.96,0.0,0.0,0.0,0.0
T23,护灵,护盾,稀有,100,26,True,护盾=371.59;智力=92.90,5,10,True,7.52,5.88313,4.96,0.0,0.0,0.0,0.0
T23,护灵,护盾,完美,8,38,False,护盾=25.51;智力=6.38,5,10,False,7.36,7.30433,5.44,0.0,0.0,0.0,0.0
T23,护灵,护盾,完美,20,38,False,护盾=48.09;智力=12.03,5,10,True,7.36,6.8771,5.44,0.0,0.0,0.0,0.0
T23,护灵,护盾,完美,50,38,True,护盾=146.87;智力=36.72,5,10,True,7.36,6.29899,5.44,0.0,0.0,0.0,0.0
T23,护灵,护盾,完美,100,38,True,护盾=445.91;智力=111.48,5,10,True,7.36,5.75795,5.44,0.0,0.0,0.0,0.0
T23,护灵,护盾,超凡,8,52,False,护盾=30.97;智力=7.75,6,12,False,7.2,7.14554,6.0,0.0,0.0,0.0,0.0
T23,护灵,护盾,超凡,20,52,False,护盾=58.39;智力=14.60,5,10,True,7.2,6.7276,6.0,0.0,0.0,0.0,0.0
T23,护灵,护盾,超凡,50,52,False,护盾=178.34;智力=44.59,6,12,True,7.2,6.16205,6.0,0.0,0.0,0.0,0.0
T23,护灵,护盾,超凡,100,52,True,护盾=541.46;智力=135.37,6,12,True,7.2,5.63278,6.0,0.0,0.0,0.0,0.0
T23,护灵,护盾,史诗,8,70,False,护盾=37.65;智力=9.42,7,14,False,6.96,6.90735,6.6,0.0,0.0,0.0,0.0
T23,护灵,护盾,史诗,20,70,False,护盾=70.98;智力=17.75,7,14,True,6.96,6.50334,6.6,0.0,0.0,0.0,0.0
T23,护灵,护盾,史诗,50,70,False,护盾=216.81;智力=54.21,7,14,True,6.96,5.95665,6.6,0.0,0.0,0.0,0.0
T23,护灵,护盾,史诗,100,70,True,护盾=658.25;智力=164.57,7,14,True,6.96,5.44502,6.6,0.0,0.0,0.0,0.0
T23,护灵,护盾,传说,8,85,False,护盾=45.54;智力=11.39,8,16,False,6.72,6.66917,7.2,0.0,0.0,0.0,0.0
T23,护灵,护盾,传说,20,85,False,护盾=85.86;智力=21.47,8,16,True,6.72,6.27909,7.2,0.0,0.0,0.0,0.0
T23,护灵,护盾,传说,50,85,False,护盾=262.26;智力=65.57,8,16,True,6.72,5.75125,7.2,0.0,0.0,0.0,0.0
T23,护灵,护盾,传说,100,85,True,护盾=796.26;智力=199.07,8,16,True,6.72,5.25726,7.2,0.0,0.0,0.0,0.0
T24,散华,护盾,普通,8,8,True,护盾=12.15;水=0.76,3,6,True,8,7.93949,4,0.0,0.0,0.0,0.0
T24,散华,护盾,普通,20,8,True,护盾=22.90;水=1.44,3,6,True,8,7.47511,4,0.0,0.0,0.0,0.0
T24,散华,护盾,普通,50,8,True,护盾=69.94;水=4.38,3,6,True,8,6.84673,4,0.0,0.0,0.0,0.0
T24,散华,护盾,普通,100,8,True,护盾=212.34;水=13.28,3,6,True,8,6.25865,4,0.0,0.0,0.0,0.0
T24,散华,护盾,优秀,8,12,False,护盾=14.58;水=0.92,3,6,True,7.84,7.7807,4.24,0.0,0.0,0.0,0.0
T24,散华,护盾,优秀,20,12,True,护盾=27.48;水=1.72,3,6,True,7.84,7.32561,4.24,0.0,0.0,0.0,0.0
T24,散华,护盾,优秀,50,12,True,护盾=83.93;水=5.25,3,6,True,7.84,6.70979,4.24,0.0,0.0,0.0,0.0
T24,散华,护盾,优秀,100,12,True,护盾=254.81;水=15.93,3,6,True,7.84,6.13347,4.24,0.0,0.0,0.0,0.0
T24,散华,护盾,杰出,8,18,False,护盾=17.61;水=1.11,3,6,True,7.68,7.62191,4.56,0.0,0.0,0.0,0.0
T24,散华,护盾,杰出,20,18,True,护盾=33.20;水=2.08,3,6,True,7.68,7.1761,4.56,0.0,0.0,0.0,0.0
T24,散华,护盾,杰出,50,18,True,护盾=101.41;水=6.34,3,6,True,7.68,6.57286,4.56,0.0,0.0,0.0,0.0
T24,散华,护盾,杰出,100,18,True,护盾=307.89;水=19.25,3,6,True,7.68,6.0083,4.56,0.0,0.0,0.0,0.0
T24,散华,护盾,稀有,8,26,False,护盾=21.26;水=1.33,4,8,True,7.52,7.46312,4.96,0.0,0.0,0.0,0.0
T24,散华,护盾,稀有,20,26,False,护盾=40.07;水=2.51,5,10,True,7.52,7.0266,4.96,0.0,0.0,0.0,0.0
T24,散华,护盾,稀有,50,26,True,护盾=122.39;水=7.65,5,10,True,7.52,6.43592,4.96,0.0,0.0,0.0,0.0
T24,散华,护盾,稀有,100,26,True,护盾=371.59;水=23.23,5,10,True,7.52,5.88313,4.96,0.0,0.0,0.0,0.0
T24,散华,护盾,完美,8,38,False,护盾=25.51;水=1.60,5,10,False,7.36,7.30433,5.44,0.0,0.0,0.0,0.0
T24,散华,护盾,完美,20,38,False,护盾=48.09;水=3.01,5,10,True,7.36,6.8771,5.44,0.0,0.0,0.0,0.0
T24,散华,护盾,完美,50,38,True,护盾=146.87;水=9.18,5,10,True,7.36,6.29899,5.44,0.0,0.0,0.0,0.0
T24,散华,护盾,完美,100,38,True,护盾=445.91;水=27.87,5,10,True,7.36,5.75795,5.44,0.0,0.0,0.0,0.0
T24,散华,护盾,超凡,8,52,False,护盾=30.97;水=1.94,5,10,False,7.2,7.14554,6.0,0.0,0.0,0.0,0.0
T24,散华,护盾,超凡,20,52,False,护盾=58.39;水=3.65,5,10,True,7.2,6.7276,6.0,0.0,0.0,0.0,0.0
T24,散华,护盾,超凡,50,52,False,护盾=178.34;水=11.15,5,10,True,7.2,6.16205,6.0,0.0,0.0,0.0,0.0
T24,散华,护盾,超凡,100,52,True,护盾=541.46;水=33.85,5,10,True,7.2,5.63278,6.0,0.0,0.0,0.0,0.0
T24,散华,护盾,史诗,8,70,False,护盾=37.65;水=2.36,6,12,False,6.96,6.90735,6.6,0.0,0.0,0.0,0.0
T24,散华,护盾,史诗,20,70,False,护盾=70.98;水=4.44,6,12,True,6.96,6.50334,6.6,0.0,0.0,0.0,0.0
T24,散华,护盾,史诗,50,70,False,护盾=216.81;水=13.56,6,12,True,6.96,5.95665,6.6,0.0,0.0,0.0,0.0
T24,散华,护盾,史诗,100,70,True,护盾=658.25;水=41.15,6,12,True,6.96,5.44502,6.6,0.0,0.0,0.0,0.0
T24,散华,护盾,传说,8,85,False,护盾=45.54;水=2.85,8,16,False,6.72,6.66917,7.2,0.0,0.0,0.0,0.0
T24,散华,护盾,传说,20,85,False,护盾=85.86;水=5.37,8,16,True,6.72,6.27909,7.2,0.0,0.0,0.0,0.0
T24,散华,护盾,传说,50,85,False,护盾=262.26;水=16.40,8,16,True,6.72,5.75125,7.2,0.0,0.0,0.0,0.0
T24,散华,护盾,传说,100,85,True,护盾=796.26;水=49.77,8,16,True,6.72,5.25726,7.2,0.0,0.0,0.0,0.0
T25,连发,攻速,普通,8,8,True,攻速=24.00;速度=3.04,3,6,True,8,7.93949,2,0.0,0.0,0.0,0.0
T25,连发,攻速,普通,20,8,True,攻速=24.00;速度=5.73,3,6,True,8,7.47511,2,0.0,0.0,0.0,0.0
T25,连发,攻速,普通,50,8,True,攻速=24.00;速度=17.49,3,6,True,8,6.84673,2,0.0,0.0,0.0,0.0
T25,连发,攻速,普通,100,8,True,攻速=24.00;速度=53.09,3,6,True,8,6.25865,2,0.0,0.0,0.0,0.0
T25,连发,攻速,优秀,8,12,False,攻速=28.80;速度=3.65,4,8,True,7.84,7.7807,2.12,0.0,0.0,0.0,0.0
T25,连发,攻速,优秀,20,12,True,攻速=28.80;速度=6.87,4,8,True,7.84,7.32561,2.12,0.0,0.0,0.0,0.0
T25,连发,攻速,优秀,50,12,True,攻速=28.80;速度=20.99,4,8,True,7.84,6.70979,2.12,0.0,0.0,0.0,0.0
T25,连发,攻速,优秀,100,12,True,攻速=28.80;速度=63.71,4,8,True,7.84,6.13347,2.12,0.0,0.0,0.0,0.0
T25,连发,攻速,杰出,8,18,False,攻速=34.80;速度=4.41,5,10,False,7.68,7.62191,2.28,0.0,0.0,0.0,0.0
T25,连发,攻速,杰出,20,18,True,攻速=34.80;速度=8.30,5,10,True,7.68,7.1761,2.28,0.0,0.0,0.0,0.0
T25,连发,攻速,杰出,50,18,True,攻速=34.80;速度=25.36,5,10,True,7.68,6.57286,2.28,0.0,0.0,0.0,0.0
T25,连发,攻速,杰出,100,18,True,攻速=34.80;速度=76.98,5,10,True,7.68,6.0083,2.28,0.0,0.0,0.0,0.0
T25,连发,攻速,稀有,8,26,False,攻速=42.00;速度=5.32,5,10,False,7.52,7.46312,2.48,0.0,0.0,0.0,0.0
T25,连发,攻速,稀有,20,26,False,攻速=42.00;速度=10.02,5,10,True,7.52,7.0266,2.48,0.0,0.0,0.0,0.0
T25,连发,攻速,稀有,50,26,True,攻速=42.00;速度=30.60,5,10,True,7.52,6.43592,2.48,0.0,0.0,0.0,0.0
T25,连发,攻速,稀有,100,26,True,攻速=42.00;速度=92.90,5,10,True,7.52,5.88313,2.48,0.0,0.0,0.0,0.0
T25,连发,攻速,完美,8,38,False,攻速=50.40;速度=6.38,6,12,False,7.36,7.30433,2.72,0.0,0.0,0.0,0.0
T25,连发,攻速,完美,20,38,False,攻速=50.40;速度=12.03,6,12,True,7.36,6.8771,2.72,0.0,0.0,0.0,0.0
T25,连发,攻速,完美,50,38,True,攻速=50.40;速度=36.72,6,12,True,7.36,6.29899,2.72,0.0,0.0,0.0,0.0
T25,连发,攻速,完美,100,38,True,攻速=50.40;速度=111.48,6,12,True,7.36,5.75795,2.72,0.0,0.0,0.0,0.0
T25,连发,攻速,超凡,8,52,False,攻速=61.20;速度=7.75,8,16,False,7.2,7.14554,3.0,0.0,0.0,0.0,0.0
T25,连发,攻速,超凡,20,52,False,攻速=61.20;速度=14.60,7,14,True,7.2,6.7276,3.0,0.0,0.0,0.0,0.0
T25,连发,攻速,超凡,50,52,False,攻速=61.20;速度=44.59,8,16,True,7.2,6.16205,3.0,0.0,0.0,0.0,0.0
T25,连发,攻速,超凡,100,52,True,攻速=61.20;速度=135.37,8,16,True,7.2,5.63278,3.0,0.0,0.0,0.0,0.0
T25,连发,攻速,史诗,8,70,False,攻速=74.40;速度=9.42,9,18,False,6.96,6.90735,3.3,0.0,0.0,0.0,0.0
T25,连发,攻速,史诗,20,70,False,攻速=74.40;速度=17.75,9,18,True,6.96,6.50334,3.3,0.0,0.0,0.0,0.0
T25,连发,攻速,史诗,50,70,False,攻速=74.40;速度=54.21,9,18,True,6.96,5.95665,3.3,0.0,0.0,0.0,0.0
T25,连发,攻速,史诗,100,70,True,攻速=74.40;速度=164.57,9,18,True,6.96,5.44502,3.3,0.0,0.0,0.0,0.0
T25,连发,攻速,传说,8,85,False,攻速=90.00;速度=11.39,10,20,False,6.72,6.66917,3.6,0.0,0.0,0.0,0.0
T25,连发,攻速,传说,20,85,False,攻速=90.00;速度=21.47,10,20,True,6.72,6.27909,3.6,0.0,0.0,0.0,0.0
T25,连发,攻速,传说,50,85,False,攻速=90.00;速度=65.57,10,20,True,6.72,5.75125,3.6,0.0,0.0,0.0,0.0
T25,连发,攻速,传说,100,85,True,攻速=90.00;速度=199.07,10,20,True,6.72,5.25726,3.6,0.0,0.0,0.0,0.0
T26,蓄律,攻速,普通,8,8,True,攻速=24.00;护盾=6.08,3,6,True,4,3.96974,3,0.0,0.0,0.0,0.0
T26,蓄律,攻速,普通,20,8,True,攻速=24.00;护盾=11.45,3,6,True,4,3.73755,3,0.0,0.0,0.0,0.0
T26,蓄律,攻速,普通,50,8,True,攻速=24.00;护盾=34.97,3,6,True,4,3.42336,3,0.0,0.0,0.0,0.0
T26,蓄律,攻速,普通,100,8,True,攻速=24.00;护盾=106.17,3,6,True,4,3.12932,3,0.0,0.0,0.0,0.0
T26,蓄律,攻速,优秀,8,12,False,攻速=28.80;护盾=7.29,4,8,True,3.92,3.89035,3.18,0.0,0.0,0.0,0.0
T26,蓄律,攻速,优秀,20,12,True,攻速=28.80;护盾=13.74,4,8,True,3.92,3.6628,3.18,0.0,0.0,0.0,0.0
T26,蓄律,攻速,优秀,50,12,True,攻速=28.80;护盾=41.97,4,8,True,3.92,3.3549,3.18,0.0,0.0,0.0,0.0
T26,蓄律,攻速,优秀,100,12,True,攻速=28.80;护盾=127.41,4,8,True,3.92,3.06674,3.18,0.0,0.0,0.0,0.0
T26,蓄律,攻速,杰出,8,18,False,攻速=34.80;护盾=8.81,4,8,True,3.84,3.81095,3.42,0.0,0.0,0.0,0.0
T26,蓄律,攻速,杰出,20,18,True,攻速=34.80;护盾=16.60,4,8,True,3.84,3.58805,3.42,0.0,0.0,0.0,0.0
T26,蓄律,攻速,杰出,50,18,True,攻速=34.80;护盾=50.71,4,8,True,3.84,3.28643,3.42,0.0,0.0,0.0,0.0
T26,蓄律,攻速,杰出,100,18,True,攻速=34.80;护盾=153.95,4,8,True,3.84,3.00415,3.42,0.0,0.0,0.0,0.0
T26,蓄律,攻速,稀有,8,26,False,攻速=42.00;护盾=10.63,4,8,True,3.76,3.73156,3.72,0.0,0.0,0.0,0.0
T26,蓄律,攻速,稀有,20,26,False,攻速=42.00;护盾=20.04,5,10,True,3.76,3.5133,3.72,0.0,0.0,0.0,0.0
T26,蓄律,攻速,稀有,50,26,True,攻速=42.00;护盾=61.20,5,10,True,3.76,3.21796,3.72,0.0,0.0,0.0,0.0
T26,蓄律,攻速,稀有,100,26,True,攻速=42.00;护盾=185.80,5,10,True,3.76,2.94156,3.72,0.0,0.0,0.0,0.0
T26,蓄律,攻速,完美,8,38,False,攻速=50.40;护盾=12.76,6,12,False,3.68,3.65216,4.08,0.0,0.0,0.0,0.0
T26,蓄律,攻速,完美,20,38,False,攻速=50.40;护盾=24.05,6,12,True,3.68,3.43855,4.08,0.0,0.0,0.0,0.0
T26,蓄律,攻速,完美,50,38,True,攻速=50.40;护盾=73.44,6,12,True,3.68,3.14949,4.08,0.0,0.0,0.0,0.0
T26,蓄律,攻速,完美,100,38,True,攻速=50.40;护盾=222.96,6,12,True,3.68,2.87898,4.08,0.0,0.0,0.0,0.0
T26,蓄律,攻速,超凡,8,52,False,攻速=61.20;护盾=15.49,7,14,False,3.6,3.57277,4.5,0.0,0.0,0.0,0.0
T26,蓄律,攻速,超凡,20,52,False,攻速=61.20;护盾=29.20,7,14,True,3.6,3.3638,4.5,0.0,0.0,0.0,0.0
T26,蓄律,攻速,超凡,50,52,False,攻速=61.20;护盾=89.17,7,14,True,3.6,3.08103,4.5,0.0,0.0,0.0,0.0
T26,蓄律,攻速,超凡,100,52,True,攻速=61.20;护盾=270.73,7,14,True,3.6,2.81639,4.5,0.0,0.0,0.0,0.0
T26,蓄律,攻速,史诗,8,70,False,攻速=74.40;护盾=18.83,8,16,False,3.48,3.45368,4.95,0.0,0.0,0.0,0.0
T26,蓄律,攻速,史诗,20,70,False,攻速=74.40;护盾=35.49,8,16,True,3.48,3.25167,4.95,0.0,0.0,0.0,0.0
T26,蓄律,攻速,史诗,50,70,False,攻速=74.40;护盾=108.41,8,16,True,3.48,2.97833,4.95,0.0,0.0,0.0,0.0
T26,蓄律,攻速,史诗,100,70,True,攻速=74.40;护盾=329.13,8,16,True,3.48,2.72251,4.95,0.0,0.0,0.0,0.0
T26,蓄律,攻速,传说,8,85,False,攻速=90.00;护盾=22.77,10,20,False,3.36,3.33458,5.4,0.0,0.0,0.0,0.0
T26,蓄律,攻速,传说,20,85,False,攻速=90.00;护盾=42.93,10,20,True,3.36,3.13955,5.4,0.0,0.0,0.0,0.0
T26,蓄律,攻速,传说,50,85,False,攻速=90.00;护盾=131.13,10,20,True,3.36,2.87563,5.4,0.0,0.0,0.0,0.0
T26,蓄律,攻速,传说,100,85,True,攻速=90.00;护盾=398.13,10,20,True,3.36,2.62863,5.4,0.0,0.0,0.0,0.0
T27,踏浪,移速,普通,8,8,True,移速=12.00;水=0.76,3,6,True,5,4.96218,2,0.0,0.0,0.0,0.0
T27,踏浪,移速,普通,20,8,True,移速=12.00;水=1.44,3,6,True,5,4.67194,2,0.0,0.0,0.0,0.0
T27,踏浪,移速,普通,50,8,True,移速=12.00;水=4.38,3,6,True,5,4.2792,2,0.0,0.0,0.0,0.0
T27,踏浪,移速,普通,100,8,True,移速=12.00;水=13.28,3,6,True,5,3.91165,2,0.0,0.0,0.0,0.0
T27,踏浪,移速,优秀,8,12,False,移速=14.40;水=0.92,4,8,True,4.9,4.86293,2.12,0.0,0.0,0.0,0.0
T27,踏浪,移速,优秀,20,12,True,移速=14.40;水=1.72,4,8,True,4.9,4.5785,2.12,0.0,0.0,0.0,0.0
T27,踏浪,移速,优秀,50,12,True,移速=14.40;水=5.25,4,8,True,4.9,4.19362,2.12,0.0,0.0,0.0,0.0
T27,踏浪,移速,优秀,100,12,True,移速=14.40;水=15.93,4,8,True,4.9,3.83342,2.12,0.0,0.0,0.0,0.0
T27,踏浪,移速,杰出,8,18,False,移速=17.40;水=1.11,4,8,True,4.8,4.76369,2.28,0.0,0.0,0.0,0.0
T27,踏浪,移速,杰出,20,18,True,移速=17.40;水=2.08,4,8,True,4.8,4.48506,2.28,0.0,0.0,0.0,0.0
T27,踏浪,移速,杰出,50,18,True,移速=17.40;水=6.34,4,8,True,4.8,4.10804,2.28,0.0,0.0,0.0,0.0
T27,踏浪,移速,杰出,100,18,True,移速=17.40;水=19.25,4,8,True,4.8,3.75519,2.28,0.0,0.0,0.0,0.0
T27,踏浪,移速,稀有,8,26,False,移速=21.00;水=1.33,5,10,False,4.7,4.66445,2.48,0.0,0.0,0.0,0.0
T27,踏浪,移速,稀有,20,26,False,移速=21.00;水=2.51,5,10,True,4.7,4.39163,2.48,0.0,0.0,0.0,0.0
T27,踏浪,移速,稀有,50,26,True,移速=21.00;水=7.65,5,10,True,4.7,4.02245,2.48,0.0,0.0,0.0,0.0
T27,踏浪,移速,稀有,100,26,True,移速=21.00;水=23.23,5,10,True,4.7,3.67695,2.48,0.0,0.0,0.0,0.0
T27,踏浪,移速,完美,8,38,False,移速=25.20;水=1.60,6,12,False,4.6,4.5652,2.72,0.0,0.0,0.0,0.0
T27,踏浪,移速,完美,20,38,False,移速=25.20;水=3.01,6,12,True,4.6,4.29819,2.72,0.0,0.0,0.0,0.0
T27,踏浪,移速,完美,50,38,True,移速=25.20;水=9.18,6,12,True,4.6,3.93687,2.72,0.0,0.0,0.0,0.0
T27,踏浪,移速,完美,100,38,True,移速=25.20;水=27.87,6,12,True,4.6,3.59872,2.72,0.0,0.0,0.0,0.0
T27,踏浪,移速,超凡,8,52,False,移速=30.60;水=1.94,7,14,False,4.5,4.46596,3.0,0.0,0.0,0.0,0.0
T27,踏浪,移速,超凡,20,52,False,移速=30.60;水=3.65,7,14,True,4.5,4.20475,3.0,0.0,0.0,0.0,0.0
T27,踏浪,移速,超凡,50,52,False,移速=30.60;水=11.15,7,14,True,4.5,3.85128,3.0,0.0,0.0,0.0,0.0
T27,踏浪,移速,超凡,100,52,True,移速=30.60;水=33.85,7,14,True,4.5,3.52049,3.0,0.0,0.0,0.0,0.0
T27,踏浪,移速,史诗,8,70,False,移速=37.20;水=2.36,8,16,False,4.35,4.3171,3.3,0.0,0.0,0.0,0.0
T27,踏浪,移速,史诗,20,70,False,移速=37.20;水=4.44,8,16,True,4.35,4.06459,3.3,0.0,0.0,0.0,0.0
T27,踏浪,移速,史诗,50,70,False,移速=37.20;水=13.56,8,16,True,4.35,3.72291,3.3,0.0,0.0,0.0,0.0
T27,踏浪,移速,史诗,100,70,True,移速=37.20;水=41.15,8,16,True,4.35,3.40314,3.3,0.0,0.0,0.0,0.0
T27,踏浪,移速,传说,8,85,False,移速=45.00;水=2.85,10,20,False,4.2,4.16823,3.6,0.0,0.0,0.0,0.0
T27,踏浪,移速,传说,20,85,False,移速=45.00;水=5.37,10,20,True,4.2,3.92443,3.6,0.0,0.0,0.0,0.0
T27,踏浪,移速,传说,50,85,False,移速=45.00;水=16.40,10,20,True,4.2,3.59453,3.6,0.0,0.0,0.0,0.0
T27,踏浪,移速,传说,100,85,True,移速=45.00;水=49.77,10,20,True,4.2,3.28579,3.6,0.0,0.0,0.0,0.0
T28,扶摇,移速,普通,8,8,True,移速=12.00;速度=3.04,3,6,True,10,9.92436,2,0.0,0.0,0.0,0.0
T28,扶摇,移速,普通,20,8,True,移速=12.00;速度=5.73,3,6,True,10,9.34388,2,0.0,0.0,0.0,0.0
T28,扶摇,移速,普通,50,8,True,移速=12.00;速度=17.49,3,6,True,10,8.55841,2,0.0,0.0,0.0,0.0
T28,扶摇,移速,普通,100,8,True,移速=12.00;速度=53.09,3,6,True,10,7.82331,2,0.0,0.0,0.0,0.0
T28,扶摇,移速,优秀,8,12,False,移速=14.40;速度=3.65,4,8,True,9.8,9.72587,2.12,0.0,0.0,0.0,0.0
T28,扶摇,移速,优秀,20,12,True,移速=14.40;速度=6.87,4,8,True,9.8,9.15701,2.12,0.0,0.0,0.0,0.0
T28,扶摇,移速,优秀,50,12,True,移速=14.40;速度=20.99,4,8,True,9.8,8.38724,2.12,0.0,0.0,0.0,0.0
T28,扶摇,移速,优秀,100,12,True,移速=14.40;速度=63.71,4,8,True,9.8,7.66684,2.12,0.0,0.0,0.0,0.0
T28,扶摇,移速,杰出,8,18,False,移速=17.40;速度=4.41,5,10,False,9.6,9.52738,2.28,0.0,0.0,0.0,0.0
T28,扶摇,移速,杰出,20,18,True,移速=17.40;速度=8.30,5,10,True,9.6,8.97013,2.28,0.0,0.0,0.0,0.0
T28,扶摇,移速,杰出,50,18,True,移速=17.40;速度=25.36,5,10,True,9.6,8.21607,2.28,0.0,0.0,0.0,0.0
T28,扶摇,移速,杰出,100,18,True,移速=17.40;速度=76.98,5,10,True,9.6,7.51038,2.28,0.0,0.0,0.0,0.0
T28,扶摇,移速,稀有,8,26,False,移速=21.00;速度=5.32,5,10,False,9.4,9.3289,2.48,0.0,0.0,0.0,0.0
T28,扶摇,移速,稀有,20,26,False,移速=21.00;速度=10.02,5,10,True,9.4,8.78325,2.48,0.0,0.0,0.0,0.0
T28,扶摇,移速,稀有,50,26,True,移速=21.00;速度=30.60,5,10,True,9.4,8.0449,2.48,0.0,0.0,0.0,0.0
T28,扶摇,移速,稀有,100,26,True,移速=21.00;速度=92.90,5,10,True,9.4,7.35391,2.48,0.0,0.0,0.0,0.0
T28,扶摇,移速,完美,8,38,False,移速=25.20;速度=6.38,6,12,False,9.2,9.13041,2.72,0.0,0.0,0.0,0.0
T28,扶摇,移速,完美,20,38,False,移速=25.20;速度=12.03,6,12,True,9.2,8.59637,2.72,0.0,0.0,0.0,0.0
T28,扶摇,移速,完美,50,38,True,移速=25.20;速度=36.72,6,12,True,9.2,7.87374,2.72,0.0,0.0,0.0,0.0
T28,扶摇,移速,完美,100,38,True,移速=25.20;速度=111.48,6,12,True,9.2,7.19744,2.72,0.0,0.0,0.0,0.0
T28,扶摇,移速,超凡,8,52,False,移速=30.60;速度=7.75,8,16,False,9.0,8.93192,3.0,0.0,0.0,0.0,0.0
T28,扶摇,移速,超凡,20,52,False,移速=30.60;速度=14.60,7,14,True,9.0,8.4095,3.0,0.0,0.0,0.0,0.0
T28,扶摇,移速,超凡,50,52,False,移速=30.60;速度=44.59,8,16,True,9.0,7.70257,3.0,0.0,0.0,0.0,0.0
T28,扶摇,移速,超凡,100,52,True,移速=30.60;速度=135.37,8,16,True,9.0,7.04098,3.0,0.0,0.0,0.0,0.0
T28,扶摇,移速,史诗,8,70,False,移速=37.20;速度=9.42,9,18,False,8.7,8.63419,3.3,0.0,0.0,0.0,0.0
T28,扶摇,移速,史诗,20,70,False,移速=37.20;速度=17.75,9,18,True,8.7,8.12918,3.3,0.0,0.0,0.0,0.0
T28,扶摇,移速,史诗,50,70,False,移速=37.20;速度=54.21,9,18,True,8.7,7.44582,3.3,0.0,0.0,0.0,0.0
T28,扶摇,移速,史诗,100,70,True,移速=37.20;速度=164.57,9,18,True,8.7,6.80628,3.3,0.0,0.0,0.0,0.0
T28,扶摇,移速,传说,8,85,False,移速=45.00;速度=11.39,10,20,False,8.4,8.33646,3.6,0.0,0.0,0.0,0.0
T28,扶摇,移速,传说,20,85,False,移速=45.00;速度=21.47,10,20,True,8.4,7.84886,3.6,0.0,0.0,0.0,0.0
T28,扶摇,移速,传说,50,85,False,移速=45.00;速度=65.57,10,20,True,8.4,7.18906,3.6,0.0,0.0,0.0,0.0
T28,扶摇,移速,传说,100,85,True,移速=45.00;速度=199.07,10,20,True,8.4,6.57158,3.6,0.0,0.0,0.0,0.0
T29,借位,数量,普通,8,8,True,数量=1.00;智力=3.04,2,4,True,10,9.92436,6,0.0,0.0,4.554,0.45887
T29,借位,数量,普通,20,8,True,数量=1.00;智力=5.73,2,4,True,10,9.34388,6,0.0,0.0,8.586,0.91889
T29,借位,数量,普通,50,8,True,数量=1.00;智力=17.49,2,4,True,10,8.55841,6,0.0,0.0,26.226,3.06435
T29,借位,数量,普通,100,8,True,数量=1.00;智力=53.09,2,4,True,10,7.82331,6,0.0,0.0,79.626,10.17805
T29,借位,数量,优秀,8,12,False,数量=2.00;智力=3.65,3,6,True,9.8,9.72587,6.36,0.0,0.0,5.10048,0.52442
T29,借位,数量,优秀,20,12,True,数量=2.00;智力=6.87,3,6,True,9.8,9.15701,6.36,0.0,0.0,9.61632,1.05016
T29,借位,数量,优秀,50,12,True,数量=2.00;智力=20.99,3,6,True,9.8,8.38724,6.36,0.0,0.0,29.37312,3.50212
T29,借位,数量,优秀,100,12,True,数量=2.00;智力=63.71,3,6,True,9.8,7.66684,6.36,0.0,0.0,89.18112,11.63205
T29,借位,数量,杰出,8,18,False,数量=2.00;智力=4.41,4,8,True,9.6,9.52738,6.84,0.0,0.0,5.73804,0.60227
T29,借位,数量,杰出,20,18,True,数量=2.00;智力=8.30,4,8,True,9.6,8.97013,6.84,0.0,0.0,10.81836,1.20604
T29,借位,数量,杰出,50,18,True,数量=2.00;智力=25.36,4,8,True,9.6,8.21607,6.84,0.0,0.0,33.04476,4.02197
T29,借位,数量,杰出,100,18,True,数量=2.00;智力=76.98,4,8,True,9.6,7.51038,6.84,0.0,0.0,100.32876,13.35869
T29,借位,数量,稀有,8,26,False,数量=2.00;智力=5.32,4,8,True,9.4,9.3289,7.44,0.0,0.0,6.46668,0.69319
T29,借位,数量,稀有,20,26,False,数量=2.00;智力=10.02,4,8,True,9.4,8.78325,7.44,0.0,0.0,12.19212,1.38811
T29,借位,数量,稀有,50,26,True,数量=2.00;智力=30.60,4,8,True,9.4,8.0449,7.44,0.0,0.0,37.24092,4.62913
T29,借位,数量,稀有,100,26,True,数量=2.00;智力=92.90,4,8,True,9.4,7.35391,7.44,0.0,0.0,113.06892,15.37535
T29,借位,数量,完美,8,38,False,数量=3.00;智力=6.38,5,10,False,9.2,9.13041,8.16,0.0,0.0,7.37748,0.80801
T29,借位,数量,完美,20,38,False,数量=3.00;智力=12.03,5,10,True,9.2,8.59637,8.16,0.0,0.0,13.90932,1.61805
T29,借位,数量,完美,50,38,True,数量=3.00;智力=36.72,5,10,True,9.2,7.87374,8.16,0.0,0.0,42.48612,5.39593
T29,借位,数量,完美,100,38,True,数量=3.00;智力=111.48,5,10,True,9.2,7.19744,8.16,0.0,0.0,128.99412,17.92221
T29,借位,数量,超凡,8,52,False,数量=3.00;智力=7.75,6,12,False,9.0,8.93192,9.0,0.0,0.0,8.47044,0.94833
T29,借位,数量,超凡,20,52,False,数量=3.00;智力=14.60,5,10,True,9.0,8.4095,9.0,0.0,0.0,15.96996,1.89904
T29,借位,数量,超凡,50,52,False,数量=3.00;智力=44.59,6,12,True,9.0,7.70257,9.0,0.0,0.0,48.78036,6.333
T29,借位,数量,超凡,100,52,True,数量=3.00;智力=135.37,6,12,True,9.0,7.04098,9.0,0.0,0.0,148.10436,21.03463
T29,借位,数量,史诗,8,70,False,数量=4.00;智力=9.42,7,14,False,8.7,8.63419,9.9,0.0,0.0,9.74556,1.12872
T29,借位,数量,史诗,20,70,False,数量=4.00;智力=17.75,7,14,True,8.7,8.12918,9.9,0.0,0.0,18.37404,2.26026
T29,借位,数量,史诗,50,70,False,数量=4.00;智力=54.21,7,14,True,8.7,7.44582,9.9,0.0,0.0,56.12364,7.53761
T29,借位,数量,史诗,100,70,True,数量=4.00;智力=164.57,7,14,True,8.7,6.80628,9.9,0.0,0.0,170.39964,25.03566
T29,借位,数量,传说,8,85,False,数量=4.00;智力=11.39,7,14,False,8.4,8.33646,10.8,0.0,0.0,11.385,1.36569
T29,借位,数量,传说,20,85,False,数量=4.00;智力=21.47,7,14,True,8.4,7.84886,10.8,0.0,0.0,21.465,2.73479
T29,借位,数量,传说,50,85,False,数量=4.00;智力=65.57,7,14,True,8.4,7.18906,10.8,0.0,0.0,65.565,9.1201
T29,借位,数量,传说,100,85,True,数量=4.00;智力=199.07,7,14,True,8.4,6.57158,10.8,0.0,0.0,199.065,30.29181
T30,归一,数量,普通,8,8,True,数量=1.00;力量=3.04,2,4,True,5,4.96218,0,9.108,0.0,0.0,1.83548
T30,归一,数量,普通,20,8,True,数量=1.00;力量=5.73,2,4,True,5,4.67194,0,17.172,0.0,0.0,3.67556
T30,归一,数量,普通,50,8,True,数量=1.00;力量=17.49,2,4,True,5,4.2792,0,52.452,0.0,0.0,12.25742
T30,归一,数量,普通,100,8,True,数量=1.00;力量=53.09,2,4,True,5,3.91165,0,159.252,0.0,0.0,40.71219
T30,归一,数量,优秀,8,12,False,数量=2.00;力量=3.65,3,6,True,4.9,4.86293,0.0,10.20096,0.0,0.0,2.0977
T30,归一,数量,优秀,20,12,True,数量=2.00;力量=6.87,3,6,True,4.9,4.5785,0.0,19.23264,0.0,0.0,4.20064
T30,归一,数量,优秀,50,12,True,数量=2.00;力量=20.99,3,6,True,4.9,4.19362,0.0,58.74624,0.0,0.0,14.00848
T30,归一,数量,优秀,100,12,True,数量=2.00;力量=63.71,3,6,True,4.9,3.83342,0.0,178.36224,0.0,0.0,46.52822
T30,归一,数量,杰出,8,18,False,数量=2.00;力量=4.41,4,8,True,4.8,4.76369,0.0,11.47608,0.0,0.0,2.40907
T30,归一,数量,杰出,20,18,True,数量=2.00;力量=8.30,4,8,True,4.8,4.48506,0.0,21.63672,0.0,0.0,4.82417
T30,归一,数量,杰出,50,18,True,数量=2.00;力量=25.36,4,8,True,4.8,4.10804,0.0,66.08952,0.0,0.0,16.08786
T30,归一,数量,杰出,100,18,True,数量=2.00;力量=76.98,4,8,True,4.8,3.75519,0.0,200.65752,0.0,0.0,53.43475
T30,归一,数量,稀有,8,26,False,数量=2.00;力量=5.32,4,8,True,4.7,4.66445,0.0,12.93336,0.0,0.0,2.77275
T30,归一,数量,稀有,20,26,False,数量=2.00;力量=10.02,4,8,True,4.7,4.39163,0.0,24.38424,0.0,0.0,5.55244
T30,归一,数量,稀有,50,26,True,数量=2.00;力量=30.60,4,8,True,4.7,4.02245,0.0,74.48184,0.0,0.0,18.51653
T30,归一,数量,稀有,100,26,True,数量=2.00;力量=92.90,4,8,True,4.7,3.67695,0.0,226.13784,0.0,0.0,61.50139
T30,归一,数量,完美,8,38,False,数量=3.00;力量=6.38,5,10,False,4.6,4.5652,0.0,14.75496,0.0,0.0,3.23205
T30,归一,数量,完美,20,38,False,数量=3.00;力量=12.03,5,10,True,4.6,4.29819,0.0,27.81864,0.0,0.0,6.47218
T30,归一,数量,完美,50,38,True,数量=3.00;力量=36.72,5,10,True,4.6,3.93687,0.0,84.97224,0.0,0.0,21.58371
T30,归一,数量,完美,100,38,True,数量=3.00;力量=111.48,5,10,True,4.6,3.59872,0.0,257.98824,0.0,0.0,71.68885
T30,归一,数量,超凡,8,52,False,数量=3.00;力量=7.75,6,12,False,4.5,4.46596,0.0,16.94088,0.0,0.0,3.79333
T30,归一,数量,超凡,20,52,False,数量=3.00;力量=14.60,5,10,True,4.5,4.20475,0.0,31.93992,0.0,0.0,7.59616
T30,归一,数量,超凡,50,52,False,数量=3.00;力量=44.59,6,12,True,4.5,3.85128,0.0,97.56072,0.0,0.0,25.332
T30,归一,数量,超凡,100,52,True,数量=3.00;力量=135.37,6,12,True,4.5,3.52049,0.0,296.20872,0.0,0.0,84.13852
T30,归一,数量,史诗,8,70,False,数量=4.00;力量=9.42,7,14,False,4.35,4.3171,0.0,19.49112,0.0,0.0,4.51487
T30,归一,数量,史诗,20,70,False,数量=4.00;力量=17.75,7,14,True,4.35,4.06459,0.0,36.74808,0.0,0.0,9.04103
T30,归一,数量,史诗,50,70,False,数量=4.00;力量=54.21,7,14,True,4.35,3.72291,0.0,112.24728,0.0,0.0,30.15043
T30,归一,数量,史诗,100,70,True,数量=4.00;力量=164.57,7,14,True,4.35,3.40314,0.0,340.79928,0.0,0.0,100.14262
T30,归一,数量,传说,8,85,False,数量=4.00;力量=11.39,7,14,False,4.2,4.16823,0.0,22.77,0.0,0.0,5.46275
T30,归一,数量,传说,20,85,False,数量=4.00;力量=21.47,7,14,True,4.2,3.92443,0.0,42.93,0.0,0.0,10.93916
T30,归一,数量,传说,50,85,False,数量=4.00;力量=65.57,7,14,True,4.2,3.59453,0.0,131.13,0.0,0.0,36.48041
T30,归一,数量,传说,100,85,True,数量=4.00;力量=199.07,7,14,True,4.2,3.28579,0.0,398.13,0.0,0.0,121.16723
T31,碎星,分裂,普通,8,8,True,分裂=1.00;金=0.76,2,4,True,6,5.95461,0,3.795,0.0,0.0,0.63732
T31,碎星,分裂,普通,20,8,True,分裂=1.00;金=1.44,2,4,True,6,5.60633,0,7.155,0.0,0.0,1.27624
T31,碎星,分裂,普通,50,8,True,分裂=1.00;金=4.38,2,4,True,6,5.13505,0,21.855,0.0,0.0,4.25605
T31,碎星,分裂,普通,100,8,True,分裂=1.00;金=13.28,2,4,True,6,4.69398,0,66.355,0.0,0.0,14.13618
T31,碎星,分裂,优秀,8,12,False,分裂=2.00;金=0.92,3,6,True,5.88,5.83552,0.0,4.2504,0.0,0.0,0.72837
T31,碎星,分裂,优秀,20,12,True,分裂=2.00;金=1.72,3,6,True,5.88,5.4942,0.0,8.0136,0.0,0.0,1.45856
T31,碎星,分裂,优秀,50,12,True,分裂=2.00;金=5.25,3,6,True,5.88,5.03234,0.0,24.4776,0.0,0.0,4.86405
T31,碎星,分裂,优秀,100,12,True,分裂=2.00;金=15.93,3,6,True,5.88,4.60011,0.0,74.3176,0.0,0.0,16.15563
T31,碎星,分裂,杰出,8,18,False,分裂=2.00;金=1.11,3,6,True,5.76,5.71643,0.0,4.7817,0.0,0.0,0.83648
T31,碎星,分裂,杰出,20,18,True,分裂=2.00;金=2.08,3,6,True,5.76,5.38208,0.0,9.0153,0.0,0.0,1.67506
T31,碎星,分裂,杰出,50,18,True,分裂=2.00;金=6.34,3,6,True,5.76,4.92964,0.0,27.5373,0.0,0.0,5.58606
T31,碎星,分裂,杰出,100,18,True,分裂=2.00;金=19.25,3,6,True,5.76,4.50623,0.0,83.6073,0.0,0.0,18.55373
T31,碎星,分裂,稀有,8,26,False,分裂=2.00;金=1.33,4,8,True,5.64,5.59734,0.0,5.3889,0.0,0.0,0.96276
T31,碎星,分裂,稀有,20,26,False,分裂=2.00;金=2.51,4,8,True,5.64,5.26995,0.0,10.1601,0.0,0.0,1.92793
T31,碎星,分裂,稀有,50,26,True,分裂=2.00;金=7.65,4,8,True,5.64,4.82694,0.0,31.0341,0.0,0.0,6.42935
T31,碎星,分裂,稀有,100,26,True,分裂=2.00;金=23.23,4,8,True,5.64,4.41235,0.0,94.2241,0.0,0.0,21.35465
T31,碎星,分裂,完美,8,38,False,分裂=3.00;金=1.60,5,10,False,5.52,5.47825,0.0,6.1479,0.0,0.0,1.12224
T31,碎星,分裂,完美,20,38,False,分裂=3.00;金=3.01,5,10,True,5.52,5.15782,0.0,11.5911,0.0,0.0,2.24728
T31,碎星,分裂,完美,50,38,True,分裂=3.00;金=9.18,5,10,True,5.52,4.72424,0.0,35.4051,0.0,0.0,7.49435
T31,碎星,分裂,完美,100,38,True,分裂=3.00;金=27.87,5,10,True,5.52,4.31847,0.0,107.4951,0.0,0.0,24.89196
T31,碎星,分裂,超凡,8,52,False,分裂=3.00;金=1.94,5,10,False,5.4,5.35915,0.0,7.0587,0.0,0.0,1.31713
T31,碎星,分裂,超凡,20,52,False,分裂=3.00;金=3.65,5,10,True,5.4,5.0457,0.0,13.3083,0.0,0.0,2.63755
T31,碎星,分裂,超凡,50,52,False,分裂=3.00;金=11.15,5,10,True,5.4,4.62154,0.0,40.6503,0.0,0.0,8.79583
T31,碎星,分裂,超凡,100,52,True,分裂=3.00;金=33.85,5,10,True,5.4,4.22459,0.0,123.4203,0.0,0.0,29.21476
T31,碎星,分裂,史诗,8,70,False,分裂=4.00;金=2.36,6,12,False,5.22,5.18051,0.0,8.1213,0.0,0.0,1.56766
T31,碎星,分裂,史诗,20,70,False,分裂=4.00;金=4.44,6,12,True,5.22,4.87751,0.0,15.3117,0.0,0.0,3.13925
T31,碎星,分裂,史诗,50,70,False,分裂=4.00;金=13.56,6,12,True,5.22,4.46749,0.0,46.7697,0.0,0.0,10.4689
T31,碎星,分裂,史诗,100,70,True,分裂=4.00;金=41.15,6,12,True,5.22,4.08377,0.0,141.9997,0.0,0.0,34.77174
T31,碎星,分裂,传说,8,85,False,分裂=4.00;金=2.85,7,14,False,5.04,5.00188,0.0,9.4875,0.0,0.0,1.89679
T31,碎星,分裂,传说,20,85,False,分裂=4.00;金=5.37,7,14,True,5.04,4.70932,0.0,17.8875,0.0,0.0,3.79832
T31,碎星,分裂,传说,50,85,False,分裂=4.00;金=16.40,7,14,True,5.04,4.31344,0.0,54.6375,0.0,0.0,12.66681
T31,碎星,分裂,传说,100,85,True,分裂=4.00;金=49.77,7,14,True,5.04,3.94295,0.0,165.8875,0.0,0.0,42.07195
T32,种实,分裂,普通,8,8,True,分裂=1.00;血量=12.15,2,4,True,8,7.93949,0,0.0,0.0,0.0,0.0
T32,种实,分裂,普通,20,8,True,分裂=1.00;血量=22.90,2,4,True,8,7.47511,0,0.0,0.0,0.0,0.0
T32,种实,分裂,普通,50,8,True,分裂=1.00;血量=69.94,2,4,True,8,6.84673,0,0.0,0.0,0.0,0.0
T32,种实,分裂,普通,100,8,True,分裂=1.00;血量=212.34,2,4,True,8,6.25865,0,0.0,0.0,0.0,0.0
T32,种实,分裂,优秀,8,12,False,分裂=2.00;血量=14.58,3,6,True,7.84,7.7807,0.0,0.0,0.0,0.0,0.0
T32,种实,分裂,优秀,20,12,True,分裂=2.00;血量=27.48,3,6,True,7.84,7.32561,0.0,0.0,0.0,0.0,0.0
T32,种实,分裂,优秀,50,12,True,分裂=2.00;血量=83.93,3,6,True,7.84,6.70979,0.0,0.0,0.0,0.0,0.0
T32,种实,分裂,优秀,100,12,True,分裂=2.00;血量=254.81,3,6,True,7.84,6.13347,0.0,0.0,0.0,0.0,0.0
T32,种实,分裂,杰出,8,18,False,分裂=2.00;血量=17.61,3,6,True,7.68,7.62191,0.0,0.0,0.0,0.0,0.0
T32,种实,分裂,杰出,20,18,True,分裂=2.00;血量=33.20,3,6,True,7.68,7.1761,0.0,0.0,0.0,0.0,0.0
T32,种实,分裂,杰出,50,18,True,分裂=2.00;血量=101.41,3,6,True,7.68,6.57286,0.0,0.0,0.0,0.0,0.0
T32,种实,分裂,杰出,100,18,True,分裂=2.00;血量=307.89,3,6,True,7.68,6.0083,0.0,0.0,0.0,0.0,0.0
T32,种实,分裂,稀有,8,26,False,分裂=2.00;血量=21.26,4,8,True,7.52,7.46312,0.0,0.0,0.0,0.0,0.0
T32,种实,分裂,稀有,20,26,False,分裂=2.00;血量=40.07,4,8,True,7.52,7.0266,0.0,0.0,0.0,0.0,0.0
T32,种实,分裂,稀有,50,26,True,分裂=2.00;血量=122.39,4,8,True,7.52,6.43592,0.0,0.0,0.0,0.0,0.0
T32,种实,分裂,稀有,100,26,True,分裂=2.00;血量=371.59,4,8,True,7.52,5.88313,0.0,0.0,0.0,0.0,0.0
T32,种实,分裂,完美,8,38,False,分裂=3.00;血量=25.51,5,10,False,7.36,7.30433,0.0,0.0,0.0,0.0,0.0
T32,种实,分裂,完美,20,38,False,分裂=3.00;血量=48.09,5,10,True,7.36,6.8771,0.0,0.0,0.0,0.0,0.0
T32,种实,分裂,完美,50,38,True,分裂=3.00;血量=146.87,5,10,True,7.36,6.29899,0.0,0.0,0.0,0.0,0.0
T32,种实,分裂,完美,100,38,True,分裂=3.00;血量=445.91,5,10,True,7.36,5.75795,0.0,0.0,0.0,0.0,0.0
T32,种实,分裂,超凡,8,52,False,分裂=3.00;血量=30.97,5,10,False,7.2,7.14554,0.0,0.0,0.0,0.0,0.0
T32,种实,分裂,超凡,20,52,False,分裂=3.00;血量=58.39,5,10,True,7.2,6.7276,0.0,0.0,0.0,0.0,0.0
T32,种实,分裂,超凡,50,52,False,分裂=3.00;血量=178.34,5,10,True,7.2,6.16205,0.0,0.0,0.0,0.0,0.0
T32,种实,分裂,超凡,100,52,True,分裂=3.00;血量=541.46,5,10,True,7.2,5.63278,0.0,0.0,0.0,0.0,0.0
T32,种实,分裂,史诗,8,70,False,分裂=4.00;血量=37.65,7,14,False,6.96,6.90735,0.0,0.0,0.0,0.0,0.0
T32,种实,分裂,史诗,20,70,False,分裂=4.00;血量=70.98,7,14,True,6.96,6.50334,0.0,0.0,0.0,0.0,0.0
T32,种实,分裂,史诗,50,70,False,分裂=4.00;血量=216.81,7,14,True,6.96,5.95665,0.0,0.0,0.0,0.0,0.0
T32,种实,分裂,史诗,100,70,True,分裂=4.00;血量=658.25,7,14,True,6.96,5.44502,0.0,0.0,0.0,0.0,0.0
T32,种实,分裂,传说,8,85,False,分裂=4.00;血量=45.54,7,14,False,6.72,6.66917,0.0,0.0,0.0,0.0,0.0
T32,种实,分裂,传说,20,85,False,分裂=4.00;血量=85.86,7,14,True,6.72,6.27909,0.0,0.0,0.0,0.0,0.0
T32,种实,分裂,传说,50,85,False,分裂=4.00;血量=262.26,7,14,True,6.72,5.75125,0.0,0.0,0.0,0.0,0.0
T32,种实,分裂,传说,100,85,True,分裂=4.00;血量=796.26,7,14,True,6.72,5.25726,0.0,0.0,0.0,0.0,0.0
T33,共济,连锁,普通,8,8,True,连锁=1.00;灵力=15.18,2,4,True,7,6.94705,3,0.0,0.0,0.0,0.0
T33,共济,连锁,普通,20,8,True,连锁=1.00;灵力=28.62,2,4,True,7,6.54072,3,0.0,0.0,0.0,0.0
T33,共济,连锁,普通,50,8,True,连锁=1.00;灵力=87.42,2,4,True,7,5.99089,3,0.0,0.0,0.0,0.0
T33,共济,连锁,普通,100,8,True,连锁=1.00;灵力=265.42,2,4,True,7,5.47632,3,0.0,0.0,0.0,0.0
T33,共济,连锁,优秀,8,12,False,连锁=2.00;灵力=18.22,3,6,True,6.86,6.80811,3.18,0.0,0.0,0.0,0.0
T33,共济,连锁,优秀,20,12,True,连锁=2.00;灵力=34.35,3,6,True,6.86,6.4099,3.18,0.0,0.0,0.0,0.0
T33,共济,连锁,优秀,50,12,True,连锁=2.00;灵力=104.91,3,6,True,6.86,5.87107,3.18,0.0,0.0,0.0,0.0
T33,共济,连锁,优秀,100,12,True,连锁=2.00;灵力=318.51,3,6,True,6.86,5.36679,3.18,0.0,0.0,0.0,0.0
T33,共济,连锁,杰出,8,18,False,连锁=2.00;灵力=22.02,3,6,True,6.72,6.66917,3.42,0.0,0.0,0.0,0.0
T33,共济,连锁,杰出,20,18,True,连锁=2.00;灵力=41.50,3,6,True,6.72,6.27909,3.42,0.0,0.0,0.0,0.0
T33,共济,连锁,杰出,50,18,True,连锁=2.00;灵力=126.76,3,6,True,6.72,5.75125,3.42,0.0,0.0,0.0,0.0
T33,共济,连锁,杰出,100,18,True,连锁=2.00;灵力=384.86,3,6,True,6.72,5.25726,3.42,0.0,0.0,0.0,0.0
T33,共济,连锁,稀有,8,26,False,连锁=2.00;灵力=26.57,4,8,True,6.58,6.53023,3.72,0.0,0.0,0.0,0.0
T33,共济,连锁,稀有,20,26,False,连锁=2.00;灵力=50.09,4,8,True,6.58,6.14828,3.72,0.0,0.0,0.0,0.0
T33,共济,连锁,稀有,50,26,True,连锁=2.00;灵力=152.99,4,8,True,6.58,5.63143,3.72,0.0,0.0,0.0,0.0
T33,共济,连锁,稀有,100,26,True,连锁=2.00;灵力=464.49,4,8,True,6.58,5.14774,3.72,0.0,0.0,0.0,0.0
T33,共济,连锁,完美,8,38,False,连锁=3.00;灵力=31.88,5,10,False,6.44,6.39129,4.08,0.0,0.0,0.0,0.0
T33,共济,连锁,完美,20,38,False,连锁=3.00;灵力=60.11,5,10,True,6.44,6.01746,4.08,0.0,0.0,0.0,0.0
T33,共济,连锁,完美,50,38,True,连锁=3.00;灵力=183.59,5,10,True,6.44,5.51162,4.08,0.0,0.0,0.0,0.0
T33,共济,连锁,完美,100,38,True,连锁=3.00;灵力=557.39,5,10,True,6.44,5.03821,4.08,0.0,0.0,0.0,0.0
T33,共济,连锁,超凡,8,52,False,连锁=3.00;灵力=38.71,5,10,False,6.3,6.25234,4.5,0.0,0.0,0.0,0.0
T33,共济,连锁,超凡,20,52,False,连锁=3.00;灵力=72.99,5,10,True,6.3,5.88665,4.5,0.0,0.0,0.0,0.0
T33,共济,连锁,超凡,50,52,False,连锁=3.00;灵力=222.93,5,10,True,6.3,5.3918,4.5,0.0,0.0,0.0,0.0
T33,共济,连锁,超凡,100,52,True,连锁=3.00;灵力=676.83,5,10,True,6.3,4.92868,4.5,0.0,0.0,0.0,0.0
T33,共济,连锁,史诗,8,70,False,连锁=4.00;灵力=47.06,7,14,False,6.09,6.04393,4.95,0.0,0.0,0.0,0.0
T33,共济,连锁,史诗,20,70,False,连锁=4.00;灵力=88.73,7,14,True,6.09,5.69043,4.95,0.0,0.0,0.0,0.0
T33,共济,连锁,史诗,50,70,False,连锁=4.00;灵力=271.01,7,14,True,6.09,5.21207,4.95,0.0,0.0,0.0,0.0
T33,共济,连锁,史诗,100,70,True,连锁=4.00;灵力=822.81,7,14,True,6.09,4.76439,4.95,0.0,0.0,0.0,0.0
T33,共济,连锁,传说,8,85,False,连锁=4.00;灵力=56.93,7,14,False,5.88,5.83552,5.4,0.0,0.0,0.0,0.0
T33,共济,连锁,传说,20,85,False,连锁=4.00;灵力=107.33,7,14,True,5.88,5.4942,5.4,0.0,0.0,0.0,0.0
T33,共济,连锁,传说,50,85,False,连锁=4.00;灵力=327.83,7,14,True,5.88,5.03234,5.4,0.0,0.0,0.0,0.0
T33,共济,连锁,传说,100,85,True,连锁=4.00;灵力=995.33,7,14,True,5.88,4.60011,5.4,0.0,0.0,0.0,0.0
T34,引缚,连锁,普通,8,8,True,连锁=1.00;木=0.76,2,4,True,7,6.94705,3,3.036,0.0,0.0,0.43702
T34,引缚,连锁,普通,20,8,True,连锁=1.00;木=1.44,2,4,True,7,6.54072,3,5.724,0.0,0.0,0.87513
T34,引缚,连锁,普通,50,8,True,连锁=1.00;木=4.38,2,4,True,7,5.99089,3,17.484,0.0,0.0,2.91843
T34,引缚,连锁,普通,100,8,True,连锁=1.00;木=13.28,2,4,True,7,5.47632,3,53.084,0.0,0.0,9.69338
T34,引缚,连锁,优秀,8,12,False,连锁=2.00;木=0.92,3,6,True,6.86,6.80811,3.18,3.40032,0.0,0.0,0.49945
T34,引缚,连锁,优秀,20,12,True,连锁=2.00;木=1.72,3,6,True,6.86,6.4099,3.18,6.41088,0.0,0.0,1.00015
T34,引缚,连锁,优秀,50,12,True,连锁=2.00;木=5.25,3,6,True,6.86,5.87107,3.18,19.58208,0.0,0.0,3.33535
T34,引缚,连锁,优秀,100,12,True,连锁=2.00;木=15.93,3,6,True,6.86,5.36679,3.18,59.45408,0.0,0.0,11.07815
T34,引缚,连锁,杰出,8,18,False,连锁=2.00;木=1.11,3,6,True,6.72,6.66917,3.42,3.82536,0.0,0.0,0.57359
T34,引缚,连锁,杰出,20,18,True,连锁=2.00;木=2.08,3,6,True,6.72,6.27909,3.42,7.21224,0.0,0.0,1.14861
T34,引缚,连锁,杰出,50,18,True,连锁=2.00;木=6.34,3,6,True,6.72,5.75125,3.42,22.02984,0.0,0.0,3.83044
T34,引缚,连锁,杰出,100,18,True,连锁=2.00;木=19.25,3,6,True,6.72,5.25726,3.42,66.88584,0.0,0.0,12.72256
T34,引缚,连锁,稀有,8,26,False,连锁=2.00;木=1.33,4,8,True,6.58,6.53023,3.72,4.31112,0.0,0.0,0.66018
T34,引缚,连锁,稀有,20,26,False,连锁=2.00;木=2.51,4,8,True,6.58,6.14828,3.72,8.12808,0.0,0.0,1.32201
T34,引缚,连锁,稀有,50,26,True,连锁=2.00;木=7.65,4,8,True,6.58,5.63143,3.72,24.82728,0.0,0.0,4.4087
T34,引缚,连锁,稀有,100,26,True,连锁=2.00;木=23.23,4,8,True,6.58,5.14774,3.72,75.37928,0.0,0.0,14.64319
T34,引缚,连锁,完美,8,38,False,连锁=3.00;木=1.60,5,10,False,6.44,6.39129,4.08,4.91832,0.0,0.0,0.76954
T34,引缚,连锁,完美,20,38,False,连锁=3.00;木=3.01,5,10,True,6.44,6.01746,4.08,9.27288,0.0,0.0,1.541
T34,引缚,连锁,完美,50,38,True,连锁=3.00;木=9.18,5,10,True,6.44,5.51162,4.08,28.32408,0.0,0.0,5.13898
T34,引缚,连锁,完美,100,38,True,连锁=3.00;木=27.87,5,10,True,6.44,5.03821,4.08,85.99608,0.0,0.0,17.06877
T34,引缚,连锁,超凡,8,52,False,连锁=3.00;木=1.94,5,10,False,6.3,6.25234,4.5,5.64696,0.0,0.0,0.90317
T34,引缚,连锁,超凡,20,52,False,连锁=3.00;木=3.65,5,10,True,6.3,5.88665,4.5,10.64664,0.0,0.0,1.80861
T34,引缚,连锁,超凡,50,52,False,连锁=3.00;木=11.15,5,10,True,6.3,5.3918,4.5,32.52024,0.0,0.0,6.03143
T34,引缚,连锁,超凡,100,52,True,连锁=3.00;木=33.85,5,10,True,6.3,4.92868,4.5,98.73624,0.0,0.0,20.03298
T34,引缚,连锁,史诗,8,70,False,连锁=4.00;木=2.36,6,12,False,6.09,6.04393,4.95,6.49704,0.0,0.0,1.07497
T34,引缚,连锁,史诗,20,70,False,连锁=4.00;木=4.44,6,12,True,6.09,5.69043,4.95,12.24936,0.0,0.0,2.15263
T34,引缚,连锁,史诗,50,70,False,连锁=4.00;木=13.56,6,12,True,6.09,5.21207,4.95,37.41576,0.0,0.0,7.17867
T34,引缚,连锁,史诗,100,70,True,连锁=4.00;木=41.15,6,12,True,6.09,4.76439,4.95,113.59976,0.0,0.0,23.84348
T34,引缚,连锁,传说,8,85,False,连锁=4.00;木=2.85,7,14,False,5.88,5.83552,5.4,7.59,0.0,0.0,1.30065
T34,引缚,连锁,传说,20,85,False,连锁=4.00;木=5.37,7,14,True,5.88,5.4942,5.4,14.31,0.0,0.0,2.60456
T34,引缚,连锁,传说,50,85,False,连锁=4.00;木=16.40,7,14,True,5.88,5.03234,5.4,43.71,0.0,0.0,8.68581
T34,引缚,连锁,传说,100,85,True,连锁=4.00;木=49.77,7,14,True,5.88,4.60011,5.4,132.71,0.0,0.0,28.84934
T35,回旋,弧度,普通,8,8,True,弧度=60.00;金=0.76,3,6,True,5,4.96218,0,4.554,0.0,0.0,0.91774
T35,回旋,弧度,普通,20,8,True,弧度=60.00;金=1.44,3,6,True,5,4.67194,0,8.586,0.0,0.0,1.83778
T35,回旋,弧度,普通,50,8,True,弧度=60.00;金=4.38,3,6,True,5,4.2792,0,26.226,0.0,0.0,6.12871
T35,回旋,弧度,普通,100,8,True,弧度=60.00;金=13.28,3,6,True,5,3.91165,0,79.626,0.0,0.0,20.35609
T35,回旋,弧度,优秀,8,12,False,弧度=90.00;金=0.92,4,8,True,4.9,4.86293,0.0,5.10048,0.0,0.0,1.04885
T35,回旋,弧度,优秀,20,12,True,弧度=90.00;金=1.72,4,8,True,4.9,4.5785,0.0,9.61632,0.0,0.0,2.10032
T35,回旋,弧度,优秀,50,12,True,弧度=90.00;金=5.25,4,8,True,4.9,4.19362,0.0,29.37312,0.0,0.0,7.00424
T35,回旋,弧度,优秀,100,12,True,弧度=90.00;金=15.93,4,8,True,4.9,3.83342,0.0,89.18112,0.0,0.0,23.26411
T35,回旋,弧度,杰出,8,18,False,弧度=90.00;金=1.11,4,8,True,4.8,4.76369,0.0,5.73804,0.0,0.0,1.20454
T35,回旋,弧度,杰出,20,18,True,弧度=90.00;金=2.08,4,8,True,4.8,4.48506,0.0,10.81836,0.0,0.0,2.41209
T35,回旋,弧度,杰出,50,18,True,弧度=90.00;金=6.34,4,8,True,4.8,4.10804,0.0,33.04476,0.0,0.0,8.04393
T35,回旋,弧度,杰出,100,18,True,弧度=90.00;金=19.25,4,8,True,4.8,3.75519,0.0,100.32876,0.0,0.0,26.71737
T35,回旋,弧度,稀有,8,26,False,弧度=120.00;金=1.33,6,12,False,4.7,4.66445,0.0,6.46668,0.0,0.0,1.38638
T35,回旋,弧度,稀有,20,26,False,弧度=120.00;金=2.51,6,12,True,4.7,4.39163,0.0,12.19212,0.0,0.0,2.77622
T35,回旋,弧度,稀有,50,26,True,弧度=120.00;金=7.65,6,12,True,4.7,4.02245,0.0,37.24092,0.0,0.0,9.25826
T35,回旋,弧度,稀有,100,26,True,弧度=120.00;金=23.23,6,12,True,4.7,3.67695,0.0,113.06892,0.0,0.0,30.7507
T35,回旋,弧度,完美,8,38,False,弧度=150.00;金=1.60,7,14,False,4.6,4.5652,0.0,7.37748,0.0,0.0,1.61602
T35,回旋,弧度,完美,20,38,False,弧度=150.00;金=3.01,7,14,True,4.6,4.29819,0.0,13.90932,0.0,0.0,3.23609
T35,回旋,弧度,完美,50,38,True,弧度=150.00;金=9.18,7,14,True,4.6,3.93687,0.0,42.48612,0.0,0.0,10.79186
T35,回旋,弧度,完美,100,38,True,弧度=150.00;金=27.87,7,14,True,4.6,3.59872,0.0,128.99412,0.0,0.0,35.84443
T35,回旋,弧度,超凡,8,52,False,弧度=180.00;金=1.94,8,16,False,4.5,4.46596,0.0,8.47044,0.0,0.0,1.89667
T35,回旋,弧度,超凡,20,52,False,弧度=180.00;金=3.65,8,16,True,4.5,4.20475,0.0,15.96996,0.0,0.0,3.79808
T35,回旋,弧度,超凡,50,52,False,弧度=180.00;金=11.15,8,16,True,4.5,3.85128,0.0,48.78036,0.0,0.0,12.666
T35,回旋,弧度,超凡,100,52,True,弧度=180.00;金=33.85,8,16,True,4.5,3.52049,0.0,148.10436,0.0,0.0,42.06926
T35,回旋,弧度,史诗,8,70,False,弧度=210.00;金=2.36,9,18,False,4.35,4.3171,0.0,9.74556,0.0,0.0,2.25743
T35,回旋,弧度,史诗,20,70,False,弧度=210.00;金=4.44,9,18,True,4.35,4.06459,0.0,18.37404,0.0,0.0,4.52052
T35,回旋,弧度,史诗,50,70,False,弧度=210.00;金=13.56,9,18,True,4.35,3.72291,0.0,56.12364,0.0,0.0,15.07522
T35,回旋,弧度,史诗,100,70,True,弧度=210.00;金=41.15,9,18,True,4.35,3.40314,0.0,170.39964,0.0,0.0,50.07131
T35,回旋,弧度,传说,8,85,False,弧度=240.00;金=2.85,11,22,False,4.2,4.16823,0.0,11.385,0.0,0.0,2.73138
T35,回旋,弧度,传说,20,85,False,弧度=240.00;金=5.37,11,22,False,4.2,3.92443,0.0,21.465,0.0,0.0,5.46958
T35,回旋,弧度,传说,50,85,False,弧度=240.00;金=16.40,11,22,True,4.2,3.59453,0.0,65.565,0.0,0.0,18.24021
T35,回旋,弧度,传说,100,85,True,弧度=240.00;金=49.77,11,22,True,4.2,3.28579,0.0,199.065,0.0,0.0,60.58361
T36,旋甲,弧度,普通,8,8,True,弧度=60.00;防御=3.04,3,6,True,6,5.95461,3,0.0,0.0,0.0,0.0
T36,旋甲,弧度,普通,20,8,True,弧度=60.00;防御=5.73,3,6,True,6,5.60633,3,0.0,0.0,0.0,0.0
T36,旋甲,弧度,普通,50,8,True,弧度=60.00;防御=17.49,3,6,True,6,5.13505,3,0.0,0.0,0.0,0.0
T36,旋甲,弧度,普通,100,8,True,弧度=60.00;防御=53.09,3,6,True,6,4.69398,3,0.0,0.0,0.0,0.0
T36,旋甲,弧度,优秀,8,12,False,弧度=90.00;防御=3.65,4,8,True,5.88,5.83552,3.18,0.0,0.0,0.0,0.0
T36,旋甲,弧度,优秀,20,12,True,弧度=90.00;防御=6.87,4,8,True,5.88,5.4942,3.18,0.0,0.0,0.0,0.0
T36,旋甲,弧度,优秀,50,12,True,弧度=90.00;防御=20.99,4,8,True,5.88,5.03234,3.18,0.0,0.0,0.0,0.0
T36,旋甲,弧度,优秀,100,12,True,弧度=90.00;防御=63.71,4,8,True,5.88,4.60011,3.18,0.0,0.0,0.0,0.0
T36,旋甲,弧度,杰出,8,18,False,弧度=90.00;防御=4.41,4,8,True,5.76,5.71643,3.42,0.0,0.0,0.0,0.0
T36,旋甲,弧度,杰出,20,18,True,弧度=90.00;防御=8.30,4,8,True,5.76,5.38208,3.42,0.0,0.0,0.0,0.0
T36,旋甲,弧度,杰出,50,18,True,弧度=90.00;防御=25.36,4,8,True,5.76,4.92964,3.42,0.0,0.0,0.0,0.0
T36,旋甲,弧度,杰出,100,18,True,弧度=90.00;防御=76.98,4,8,True,5.76,4.50623,3.42,0.0,0.0,0.0,0.0
T36,旋甲,弧度,稀有,8,26,False,弧度=120.00;防御=5.32,6,12,False,5.64,5.59734,3.72,0.0,0.0,0.0,0.0
T36,旋甲,弧度,稀有,20,26,False,弧度=120.00;防御=10.02,5,10,True,5.64,5.26995,3.72,0.0,0.0,0.0,0.0
T36,旋甲,弧度,稀有,50,26,True,弧度=120.00;防御=30.60,5,10,True,5.64,4.82694,3.72,0.0,0.0,0.0,0.0
T36,旋甲,弧度,稀有,100,26,True,弧度=120.00;防御=92.90,5,10,True,5.64,4.41235,3.72,0.0,0.0,0.0,0.0
T36,旋甲,弧度,完美,8,38,False,弧度=150.00;防御=6.38,7,14,False,5.52,5.47825,4.08,0.0,0.0,0.0,0.0
T36,旋甲,弧度,完美,20,38,False,弧度=150.00;防御=12.03,7,14,True,5.52,5.15782,4.08,0.0,0.0,0.0,0.0
T36,旋甲,弧度,完美,50,38,True,弧度=150.00;防御=36.72,7,14,True,5.52,4.72424,4.08,0.0,0.0,0.0,0.0
T36,旋甲,弧度,完美,100,38,True,弧度=150.00;防御=111.48,7,14,True,5.52,4.31847,4.08,0.0,0.0,0.0,0.0
T36,旋甲,弧度,超凡,8,52,False,弧度=180.00;防御=7.75,8,16,False,5.4,5.35915,4.5,0.0,0.0,0.0,0.0
T36,旋甲,弧度,超凡,20,52,False,弧度=180.00;防御=14.60,8,16,True,5.4,5.0457,4.5,0.0,0.0,0.0,0.0
T36,旋甲,弧度,超凡,50,52,False,弧度=180.00;防御=44.59,8,16,True,5.4,4.62154,4.5,0.0,0.0,0.0,0.0
T36,旋甲,弧度,超凡,100,52,True,弧度=180.00;防御=135.37,8,16,True,5.4,4.22459,4.5,0.0,0.0,0.0,0.0
T36,旋甲,弧度,史诗,8,70,False,弧度=210.00;防御=9.42,9,18,False,5.22,5.18051,4.95,0.0,0.0,0.0,0.0
T36,旋甲,弧度,史诗,20,70,False,弧度=210.00;防御=17.75,9,18,True,5.22,4.87751,4.95,0.0,0.0,0.0,0.0
T36,旋甲,弧度,史诗,50,70,False,弧度=210.00;防御=54.21,9,18,True,5.22,4.46749,4.95,0.0,0.0,0.0,0.0
T36,旋甲,弧度,史诗,100,70,True,弧度=210.00;防御=164.57,9,18,True,5.22,4.08377,4.95,0.0,0.0,0.0,0.0
T36,旋甲,弧度,传说,8,85,False,弧度=240.00;防御=11.39,11,22,False,5.04,5.00188,5.4,0.0,0.0,0.0,0.0
T36,旋甲,弧度,传说,20,85,False,弧度=240.00;防御=21.47,11,22,False,5.04,4.70932,5.4,0.0,0.0,0.0,0.0
T36,旋甲,弧度,传说,50,85,False,弧度=240.00;防御=65.57,11,22,True,5.04,4.31344,5.4,0.0,0.0,0.0,0.0
T36,旋甲,弧度,传说,100,85,True,弧度=240.00;防御=199.07,11,22,True,5.04,3.94295,5.4,0.0,0.0,0.0,0.0
T37,庇域,范围,普通,8,8,True,范围=2.00;血量=12.15,3,6,True,10,9.92436,5,0.0,0.0,0.0,0.0
T37,庇域,范围,普通,20,8,True,范围=2.00;血量=22.90,3,6,True,10,9.34388,5,0.0,0.0,0.0,0.0
T37,庇域,范围,普通,50,8,True,范围=2.00;血量=69.94,3,6,True,10,8.55841,5,0.0,0.0,0.0,0.0
T37,庇域,范围,普通,100,8,True,范围=2.00;血量=212.34,3,6,True,10,7.82331,5,0.0,0.0,0.0,0.0
T37,庇域,范围,优秀,8,12,False,范围=3.00;血量=14.58,4,8,True,9.8,9.72587,5.3,0.0,0.0,0.0,0.0
T37,庇域,范围,优秀,20,12,True,范围=3.00;血量=27.48,4,8,True,9.8,9.15701,5.3,0.0,0.0,0.0,0.0
T37,庇域,范围,优秀,50,12,True,范围=3.00;血量=83.93,4,8,True,9.8,8.38724,5.3,0.0,0.0,0.0,0.0
T37,庇域,范围,优秀,100,12,True,范围=3.00;血量=254.81,4,8,True,9.8,7.66684,5.3,0.0,0.0,0.0,0.0
T37,庇域,范围,杰出,8,18,False,范围=3.00;血量=17.61,4,8,True,9.6,9.52738,5.7,0.0,0.0,0.0,0.0
T37,庇域,范围,杰出,20,18,True,范围=3.00;血量=33.20,4,8,True,9.6,8.97013,5.7,0.0,0.0,0.0,0.0
T37,庇域,范围,杰出,50,18,True,范围=3.00;血量=101.41,4,8,True,9.6,8.21607,5.7,0.0,0.0,0.0,0.0
T37,庇域,范围,杰出,100,18,True,范围=3.00;血量=307.89,4,8,True,9.6,7.51038,5.7,0.0,0.0,0.0,0.0
T37,庇域,范围,稀有,8,26,False,范围=4.00;血量=21.26,6,12,False,9.4,9.3289,6.2,0.0,0.0,0.0,0.0
T37,庇域,范围,稀有,20,26,False,范围=4.00;血量=40.07,6,12,True,9.4,8.78325,6.2,0.0,0.0,0.0,0.0
T37,庇域,范围,稀有,50,26,True,范围=4.00;血量=122.39,6,12,True,9.4,8.0449,6.2,0.0,0.0,0.0,0.0
T37,庇域,范围,稀有,100,26,True,范围=4.00;血量=371.59,6,12,True,9.4,7.35391,6.2,0.0,0.0,0.0,0.0
T37,庇域,范围,完美,8,38,False,范围=5.00;血量=25.51,7,14,False,9.2,9.13041,6.8,0.0,0.0,0.0,0.0
T37,庇域,范围,完美,20,38,False,范围=5.00;血量=48.09,7,14,True,9.2,8.59637,6.8,0.0,0.0,0.0,0.0
T37,庇域,范围,完美,50,38,True,范围=5.00;血量=146.87,7,14,True,9.2,7.87374,6.8,0.0,0.0,0.0,0.0
T37,庇域,范围,完美,100,38,True,范围=5.00;血量=445.91,7,14,True,9.2,7.19744,6.8,0.0,0.0,0.0,0.0
T37,庇域,范围,超凡,8,52,False,范围=6.00;血量=30.97,8,16,False,9.0,8.93192,7.5,0.0,0.0,0.0,0.0
T37,庇域,范围,超凡,20,52,False,范围=6.00;血量=58.39,8,16,True,9.0,8.4095,7.5,0.0,0.0,0.0,0.0
T37,庇域,范围,超凡,50,52,False,范围=6.00;血量=178.34,8,16,True,9.0,7.70257,7.5,0.0,0.0,0.0,0.0
T37,庇域,范围,超凡,100,52,True,范围=6.00;血量=541.46,8,16,True,9.0,7.04098,7.5,0.0,0.0,0.0,0.0
T37,庇域,范围,史诗,8,70,False,范围=7.00;血量=37.65,10,20,False,8.7,8.63419,8.25,0.0,0.0,0.0,0.0
T37,庇域,范围,史诗,20,70,False,范围=7.00;血量=70.98,10,20,True,8.7,8.12918,8.25,0.0,0.0,0.0,0.0
T37,庇域,范围,史诗,50,70,False,范围=7.00;血量=216.81,10,20,True,8.7,7.44582,8.25,0.0,0.0,0.0,0.0
T37,庇域,范围,史诗,100,70,True,范围=7.00;血量=658.25,10,20,True,8.7,6.80628,8.25,0.0,0.0,0.0,0.0
T37,庇域,范围,传说,8,85,False,范围=8.00;血量=45.54,11,22,False,8.4,8.33646,9.0,0.0,0.0,0.0,0.0
T37,庇域,范围,传说,20,85,False,范围=8.00;血量=85.86,11,22,False,8.4,7.84886,9.0,0.0,0.0,0.0,0.0
T37,庇域,范围,传说,50,85,False,范围=8.00;血量=262.26,11,22,True,8.4,7.18906,9.0,0.0,0.0,0.0,0.0
T37,庇域,范围,传说,100,85,True,范围=8.00;血量=796.26,11,22,True,8.4,6.57158,9.0,0.0,0.0,0.0,0.0
T38,围猎,范围,普通,8,8,True,范围=2.00;土=0.76,3,6,True,8,7.93949,3,3.795,0.0,0.0,0.47799
T38,围猎,范围,普通,20,8,True,范围=2.00;土=1.44,3,6,True,8,7.47511,3,7.155,0.0,0.0,0.95718
T38,围猎,范围,普通,50,8,True,范围=2.00;土=4.38,3,6,True,8,6.84673,3,21.855,0.0,0.0,3.19204
T38,围猎,范围,普通,100,8,True,范围=2.00;土=13.28,3,6,True,8,6.25865,3,66.355,0.0,0.0,10.60213
T38,围猎,范围,优秀,8,12,False,范围=3.00;土=0.92,4,8,True,7.84,7.7807,3.18,4.2504,0.0,0.0,0.54628
T38,围猎,范围,优秀,20,12,True,范围=3.00;土=1.72,4,8,True,7.84,7.32561,3.18,8.0136,0.0,0.0,1.09392
T38,围猎,范围,优秀,50,12,True,范围=3.00;土=5.25,4,8,True,7.84,6.70979,3.18,24.4776,0.0,0.0,3.64804
T38,围猎,范围,优秀,100,12,True,范围=3.00;土=15.93,4,8,True,7.84,6.13347,3.18,74.3176,0.0,0.0,12.11672
T38,围猎,范围,杰出,8,18,False,范围=3.00;土=1.11,4,8,True,7.68,7.62191,3.42,4.7817,0.0,0.0,0.62736
T38,围猎,范围,杰出,20,18,True,范围=3.00;土=2.08,4,8,True,7.68,7.1761,3.42,9.0153,0.0,0.0,1.25629
T38,围猎,范围,杰出,50,18,True,范围=3.00;土=6.34,4,8,True,7.68,6.57286,3.42,27.5373,0.0,0.0,4.18955
T38,围猎,范围,杰出,100,18,True,范围=3.00;土=19.25,4,8,True,7.68,6.0083,3.42,83.6073,0.0,0.0,13.9153
T38,围猎,范围,稀有,8,26,False,范围=4.00;土=1.33,6,12,False,7.52,7.46312,3.72,5.3889,0.0,0.0,0.72207
T38,围猎,范围,稀有,20,26,False,范围=4.00;土=2.51,6,12,True,7.52,7.0266,3.72,10.1601,0.0,0.0,1.44595
T38,围猎,范围,稀有,50,26,True,范围=4.00;土=7.65,6,12,True,7.52,6.43592,3.72,31.0341,0.0,0.0,4.82201
T38,围猎,范围,稀有,100,26,True,范围=4.00;土=23.23,6,12,True,7.52,5.88313,3.72,94.2241,0.0,0.0,16.01599
T38,围猎,范围,完美,8,38,False,范围=5.00;土=1.60,7,14,False,7.36,7.30433,4.08,6.1479,0.0,0.0,0.84168
T38,围猎,范围,完美,20,38,False,范围=5.00;土=3.01,7,14,True,7.36,6.8771,4.08,11.5911,0.0,0.0,1.68546
T38,围猎,范围,完美,50,38,True,范围=5.00;土=9.18,7,14,True,7.36,6.29899,4.08,35.4051,0.0,0.0,5.62076
T38,围猎,范围,完美,100,38,True,范围=5.00;土=27.87,7,14,True,7.36,5.75795,4.08,107.4951,0.0,0.0,18.66897
T38,围猎,范围,超凡,8,52,False,范围=6.00;土=1.94,8,16,False,7.2,7.14554,4.5,7.0587,0.0,0.0,0.98785
T38,围猎,范围,超凡,20,52,False,范围=6.00;土=3.65,8,16,True,7.2,6.7276,4.5,13.3083,0.0,0.0,1.97817
T38,围猎,范围,超凡,50,52,False,范围=6.00;土=11.15,8,16,True,7.2,6.16205,4.5,40.6503,0.0,0.0,6.59687
T38,围猎,范围,超凡,100,52,True,范围=6.00;土=33.85,8,16,True,7.2,5.63278,4.5,123.4203,0.0,0.0,21.91107
T38,围猎,范围,史诗,8,70,False,范围=7.00;土=2.36,9,18,False,6.96,6.90735,4.95,8.1213,0.0,0.0,1.17575
T38,围猎,范围,史诗,20,70,False,范围=7.00;土=4.44,9,18,True,6.96,6.50334,4.95,15.3117,0.0,0.0,2.35443
T38,围猎,范围,史诗,50,70,False,范围=7.00;土=13.56,9,18,True,6.96,5.95665,4.95,46.7697,0.0,0.0,7.85167
T38,围猎,范围,史诗,100,70,True,范围=7.00;土=41.15,9,18,True,6.96,5.44502,4.95,141.9997,0.0,0.0,26.07881
T38,围猎,范围,传说,8,85,False,范围=8.00;土=2.85,11,22,False,6.72,6.66917,5.4,9.4875,0.0,0.0,1.42259
T38,围猎,范围,传说,20,85,False,范围=8.00;土=5.37,11,22,False,6.72,6.27909,5.4,17.8875,0.0,0.0,2.84874
T38,围猎,范围,传说,50,85,False,范围=8.00;土=16.40,11,22,True,6.72,5.75125,5.4,54.6375,0.0,0.0,9.50011
T38,围猎,范围,传说,100,85,True,范围=8.00;土=49.77,11,22,True,6.72,5.25726,5.4,165.8875,0.0,0.0,31.55397
