玩家等级,地图等级,敌人等级,构筑,类型,单体DPS,八目标DPS,物理EHP,稳态TTK,离散均值,P10,P90
1,1,1,低配,普通,1.23,1.23,66.0,1.6,1.811421,1.830952,1.830952
1,1,1,标准,普通,1.64,1.64,66.0,1.2,0.580952,0.580952,0.580952
1,1,1,高配,普通,1.804,1.804,66.0,1.090909,0.580952,0.580952,0.580952
1,1,2,低配,精英,1.23,1.23,66.0,9.472918,9.272359,9.330952,9.330952
1,1,2,标准,精英,1.64,1.64,66.0,7.0,6.79189,6.830952,6.830952
1,1,2,高配,精英,1.804,1.804,66.0,6.338165,6.47939,5.580952,6.830952
1,1,4,低配,头目,1.23,1.23,66.0,24.311688,24.13564,23.080952,24.330952
1,1,4,标准,头目,1.64,1.64,66.0,18.0,17.924702,16.830952,18.080952
1,1,4,高配,头目,1.804,1.804,66.0,16.30662,16.205952,15.580952,16.830952
1,1,6,低配,BOSS,1.23,1.23,66.0,61.014493,61.264546,60.580952,61.830952
1,1,6,标准,BOSS,1.64,1.64,66.0,45.0,44.955952,44.330952,45.580952
1,1,6,高配,BOSS,1.804,1.804,66.0,40.72442,40.502827,39.330952,41.455952
2,2,2,低配,普通,1.321835,1.321835,70.244194,1.639016,1.779144,1.817817,1.817817
2,2,2,标准,普通,1.762446,1.762446,70.244194,1.229262,1.779144,1.817817,1.817817
2,2,2,高配,普通,1.938691,1.938691,70.244194,1.117511,0.580279,0.580279,0.580279
2,2,3,低配,精英,1.321835,1.321835,70.244194,9.579044,9.185038,9.243048,9.243048
2,2,3,标准,精英,1.762446,1.762446,70.244194,7.078421,6.729298,6.767971,6.767971
2,2,3,高配,精英,1.938691,1.938691,70.244194,6.409172,6.419913,5.530433,6.767971
2,2,5,低配,头目,1.321835,1.321835,70.244194,24.539952,24.460904,24.09351,25.331048
2,2,5,标准,头目,1.762446,1.762446,70.244194,18.169003,18.427904,17.905817,19.143356
2,2,5,高配,头目,1.938691,1.938691,70.244194,16.459724,16.571596,16.668279,16.668279
2,2,7,低配,BOSS,1.321835,1.321835,70.244194,61.516644,61.683741,59.982126,62.457203
2,2,7,标准,BOSS,1.762446,1.762446,70.244194,45.370351,45.557068,45.131664,46.369202
2,2,7,高配,BOSS,1.938691,1.938691,70.244194,41.059583,41.322366,40.18151,42.285325
3,3,3,低配,普通,1.419239,1.419239,74.761573,1.67613,1.767561,1.805884,1.805884
3,3,3,标准,普通,1.892319,3.784638,74.761573,1.257098,1.767561,1.805884,1.805884
3,3,3,高配,普通,2.497861,4.995722,74.761573,0.952347,0.579564,0.579564,0.579564
3,3,4,低配,精英,1.419239,1.419239,74.761573,9.681008,9.834443,9.1638,10.390119
3,3,4,标准,精英,1.892319,3.784638,74.761573,7.153767,7.458449,6.711161,7.93748
3,3,4,高配,精英,2.497861,4.995722,74.761573,5.397829,5.40181,4.667295,5.689228
3,3,6,低配,头目,1.419239,1.419239,74.761573,24.761786,24.818533,23.879632,25.105951
3,3,6,标准,头目,1.892319,3.784638,74.761573,18.333245,18.246227,17.748035,18.974355
3,3,6,高配,头目,2.497861,4.995722,74.761573,13.840429,13.784852,13.864691,13.864691
3,3,8,低配,BOSS,1.419239,1.419239,74.761573,62.006397,62.106305,60.669212,63.121851
3,3,8,标准,BOSS,1.892319,3.784638,74.761573,45.731559,45.685123,44.727061,45.95338
3,3,8,高配,BOSS,2.497861,4.995722,74.761573,34.488726,34.686571,34.303346,35.325279
4,4,4,低配,普通,1.522231,1.522231,79.552135,1.711434,1.757021,1.795028,1.795028
4,4,4,标准,普通,2.029641,4.059282,79.552135,1.283575,1.757021,1.795028,1.795028
4,4,4,高配,普通,2.679126,5.358252,79.552135,0.972405,0.578809,0.578809,0.578809
4,4,5,低配,精英,1.522231,1.522231,79.552135,9.778974,9.738458,9.092341,10.30856
4,4,5,标准,精英,2.029641,4.059282,79.552135,7.226159,7.401037,6.659904,7.876123
4,4,5,高配,精英,2.679126,5.358252,79.552135,5.452451,5.614716,5.646388,5.646388
4,4,7,低配,头目,1.522231,1.522231,79.552135,24.977371,25.188238,24.903186,26.119405
4,4,7,标准,头目,2.029641,4.059282,79.552135,18.492861,18.651061,17.605873,18.822092
4,4,7,高配,头目,2.679126,5.358252,79.552135,13.960929,14.150418,13.754514,14.768029
4,4,9,低配,BOSS,1.522231,1.522231,79.552135,62.484058,62.32092,61.389752,63.82219
4,4,9,标准,BOSS,2.029641,4.059282,79.552135,46.083848,46.453064,45.578907,46.795126
4,4,9,高配,BOSS,2.679126,5.358252,79.552135,34.754406,34.816637,34.024828,35.038344
5,5,5,低配,普通,1.630828,3.261656,84.615885,1.745015,1.747412,1.785135,1.785135
5,5,5,标准,普通,2.174437,7.827974,84.615885,1.308762,1.747412,1.785135,1.785135
5,5,5,高配,普通,2.870257,20.665852,84.615885,0.991486,1.552513,1.583948,1.583948
5,5,6,低配,精英,1.630828,3.261656,84.615885,9.873098,9.650277,9.027856,10.234976
5,5,6,标准,精英,2.174437,7.827974,84.615885,7.295712,7.330343,6.613616,7.820736
5,5,6,高配,精英,2.870257,20.665852,84.615885,5.504932,5.576247,5.607682,5.607682
5,5,8,低配,头目,1.630828,3.261656,84.615885,25.186884,25.550314,24.720419,25.927539
5,5,8,标准,头目,2.174437,7.827974,84.615885,18.647982,18.496205,17.477698,18.684818
5,5,8,高配,头目,2.870257,20.665852,84.615885,14.078035,14.032375,13.65515,14.661084
5,5,10,低配,BOSS,1.630828,3.261656,84.615885,62.949925,62.952179,60.934025,64.555386
5,5,10,标准,BOSS,2.174437,7.827974,84.615885,46.427439,46.656056,45.241462,47.655703
5,5,10,高配,BOSS,2.870257,20.665852,84.615885,35.013528,35.046955,33.77382,35.785687
6,6,6,低配,普通,1.74505,3.490101,89.952833,1.776959,1.776096,1.776096,1.776096
6,6,6,标准,普通,2.326734,8.376241,89.952833,1.33272,1.73863,1.776096,1.776096
6,6,6,高配,普通,3.071289,22.113277,89.952833,1.009636,1.545055,1.576277,1.576277
6,6,7,低配,精英,1.74505,3.490101,89.952833,9.963532,10.112308,10.168507,10.168507
6,6,7,标准,精英,2.326734,8.376241,89.952833,7.362538,7.283616,6.571759,7.770675
6,6,7,高配,精英,3.071289,22.113277,89.952833,5.555355,5.541441,5.572663,5.572663
6,6,9,低配,头目,1.74505,3.490101,89.952833,25.390496,25.361017,24.555496,25.754412
6,6,9,标准,头目,2.326734,8.376241,89.952833,18.798733,18.954311,18.560917,19.759833
6,6,9,高配,头目,3.071289,22.113277,89.952833,14.191842,14.408422,13.565435,14.564531
6,6,11,低配,BOSS,1.74505,3.490101,89.952833,63.40429,63.59519,61.721884,65.318632
6,6,11,标准,BOSS,2.326734,8.376241,89.952833,46.762546,46.772904,44.937064,47.334895
6,6,11,高配,BOSS,3.071289,22.113277,89.952833,35.266251,35.217728,34.546461,35.545557
7,7,7,低配,普通,1.864917,3.729834,95.562991,2.078447,1.767815,1.767815,1.767815
7,7,7,标准,普通,2.85954,10.294343,109.272415,1.355509,1.730581,1.767815,1.767815
7,7,7,高配,普通,4.087899,29.432869,120.796716,0.948197,0.576308,0.576308,0.576308
7,7,8,低配,精英,1.864917,3.729834,95.562991,11.491341,11.188174,11.299878,11.299878
7,7,8,标准,精英,2.85954,10.294343,109.272415,7.426744,7.241304,6.533847,7.725354
7,7,8,高配,精英,4.087899,29.432869,120.796716,5.193641,5.246149,4.548,5.540923
7,7,10,低配,头目,1.864917,3.729834,95.562991,29.279003,29.153878,27.980987,30.364003
7,7,10,标准,头目,2.85954,10.294343,109.272415,18.945237,18.821271,18.448925,19.640432
7,7,10,高配,头目,4.087899,29.432869,120.796716,13.249196,13.375708,12.789263,13.484309
7,7,12,低配,BOSS,1.864917,3.729834,95.562991,72.946834,72.904555,70.875268,74.449791
7,7,12,标准,BOSS,2.85954,10.294343,109.272415,47.08938,47.19405,45.853604,48.23662
7,7,12,高配,BOSS,4.087899,29.432869,120.796716,32.929158,33.032484,32.349849,33.342772
8,8,8,低配,普通,1.990448,3.980896,101.446371,2.111687,1.760205,1.760205,1.760205
8,8,8,标准,普通,3.05202,10.987272,115.979847,1.377187,1.72318,1.760205,1.760205
8,8,8,高配,普通,4.363062,31.414044,128.196827,0.963361,1.531883,1.562737,1.562737
8,8,9,低配,精英,1.990448,3.980896,101.446371,11.58679,11.812565,11.238674,12.423482
8,8,9,标准,精英,3.05202,10.987272,115.979847,7.488433,7.647223,7.684248,7.684248
8,8,9,高配,精英,4.363062,31.414044,128.196827,5.236781,5.218982,4.524758,5.512099
8,8,11,低配,头目,1.990448,3.980896,101.446371,29.499042,29.695769,29.010802,30.195611
8,8,11,标准,头目,3.05202,10.987272,115.979847,19.087615,19.254644,18.347525,19.532333
8,8,11,高配,头目,4.363062,31.414044,128.196827,13.348767,13.673085,12.719684,14.398163
8,8,13,低配,BOSS,1.990448,3.980896,101.446371,73.440636,73.626249,71.66391,75.218336
8,8,13,标准,BOSS,3.05202,10.987272,115.979847,47.408145,47.375335,45.598122,47.967739
8,8,13,高配,BOSS,4.363062,31.414044,128.196827,33.152067,33.38904,32.170291,34.144972
9,9,9,低配,普通,2.333827,4.667653,115.192378,2.1214,1.753188,1.753188,1.753188
9,9,9,标准,普通,3.541959,12.751053,127.38115,1.397808,1.705408,1.742244,1.742244
9,9,9,高配,普通,5.276812,37.993046,144.078944,0.938252,0.555199,0.555199,0.555199
9,9,10,低配,精英,2.333827,4.667653,115.192378,11.554803,11.754058,11.183106,12.361846
9,9,10,标准,精英,3.541959,12.751053,127.38115,7.547702,7.58069,7.635943,7.635943
9,9,10,高配,精英,5.276812,37.993046,144.078944,5.072089,5.159652,4.484332,5.466615
9,9,12,低配,头目,2.333827,4.667653,115.192378,29.399535,29.508827,28.864203,30.042943
9,9,12,标准,头目,3.541959,12.751053,127.38115,19.225983,19.128656,18.244601,19.423341
9,9,12,高配,头目,5.276812,37.993046,144.078944,12.917995,13.186747,12.342598,13.324881
9,9,14,低配,BOSS,2.333827,4.667653,115.192378,73.135997,73.195871,71.298837,74.835056
9,9,14,标准,BOSS,3.541959,12.751053,127.38115,47.719039,47.749933,46.534357,48.891837
9,9,14,高配,BOSS,5.276812,37.993046,144.078944,32.072195,32.203136,31.005978,32.970544
10,10,10,低配,普通,2.484431,4.968862,122.066258,2.151421,1.746694,1.746694,1.746694
10,10,10,标准,普通,3.770968,13.575485,134.964401,1.417423,1.698527,1.73519,1.73519
10,10,10,高配,普通,5.618437,40.452745,152.636066,0.951342,1.500394,1.530947,1.530947
10,10,11,低配,精英,2.484431,4.968862,122.066258,11.643347,11.664172,11.132551,12.305784
10,10,11,标准,精英,3.770968,13.575485,134.964401,7.604647,7.546356,7.601351,7.601351
10,10,11,高配,精英,5.618437,40.452745,152.636066,5.109949,5.120915,4.464027,5.441721
10,10,13,低配,头目,2.484431,4.968862,122.066258,29.608635,29.812608,28.731034,31.077499
10,10,13,标准,头目,3.770968,13.575485,134.964401,19.360454,19.626981,19.333673,20.506905
10,10,13,高配,头目,5.618437,40.452745,152.636066,13.00731,13.110504,12.285575,13.263269
10,10,15,低配,BOSS,2.484431,4.968862,122.066258,73.609359,73.808815,70.967393,75.660322
10,10,15,标准,BOSS,3.770968,13.575485,134.964401,48.022257,48.279511,46.318013,49.83771
10,10,15,高配,BOSS,5.618437,40.452745,152.636066,32.273418,32.435227,31.839445,32.817138
11,11,11,低配,普通,2.641324,5.282648,129.2323,2.18,1.740664,1.740664,1.740664
11,11,11,标准,普通,4.009582,14.434495,167.362,1.436082,1.692078,1.728585,1.728585
11,11,11,高配,普通,5.974428,43.01588,207.042256,0.963789,1.494345,1.524767,1.524767
11,11,12,低配,精英,2.641324,5.282648,129.2323,11.728508,11.597556,11.086458,12.254682
11,11,12,标准,精英,4.009582,14.434495,167.362,7.65936,7.514946,7.569706,7.569706
11,11,12,高配,精英,5.974428,43.01588,207.042256,5.146303,5.099412,4.445328,5.418848
11,11,14,低配,头目,2.641324,5.282648,129.2323,29.812029,29.686779,28.609823,30.946271
11,11,14,标准,头目,4.009582,14.434495,167.362,19.491136,19.507498,19.251949,20.420173
11,11,14,高配,头目,5.974428,43.01588,207.042256,13.094066,13.374334,12.23349,14.18053
11,11,16,低配,BOSS,2.641324,5.282648,129.2323,74.071446,74.024542,71.834122,75.338795
11,11,16,标准,BOSS,4.009582,14.434495,167.362,48.317988,48.329782,47.289332,49.625781
11,11,16,高配,BOSS,5.974428,43.01588,207.042256,32.469579,32.783894,31.703895,33.650935
12,12,12,低配,普通,2.804523,5.609047,136.690518,2.207207,1.735043,1.735043,1.735043
12,12,12,标准,普通,4.257831,15.328192,176.960841,1.45383,1.68601,1.722374,1.722374
12,12,12,高配,普通,6.344832,45.682794,218.873869,0.975623,1.488597,1.518901,1.518901
12,12,13,低配,精英,2.804523,5.609047,136.690518,11.810415,12.044362,11.393438,12.208002
12,12,13,标准,精英,4.257831,15.328192,176.960841,7.711927,7.486138,7.540684,7.540684
12,12,13,高配,精英,6.344832,45.682794,218.873869,5.181212,5.367471,5.397774,5.397774
12,12,15,低配,头目,2.804523,5.609047,136.690518,30.009869,30.13567,29.662932,30.826594
12,12,15,标准,头目,4.257831,15.328192,176.960841,19.618138,19.868229,19.177305,20.340967
12,12,15,高配,头目,6.344832,45.682794,218.873869,13.178339,13.397951,13.155521,14.12524
12,12,17,低配,BOSS,2.804523,5.609047,136.690518,74.522522,74.46392,71.903863,76.209413
12,12,17,标准,BOSS,4.257831,15.328192,176.960841,48.606418,48.632499,47.105193,49.432517
12,12,17,高配,BOSS,6.344832,45.682794,218.873869,32.66081,32.928685,31.58017,33.519607
13,13,13,低配,普通,3.249685,6.49937,148.452731,2.695973,2.770536,2.879239,2.879239
13,13,13,标准,普通,5.957018,21.445264,186.935819,1.470713,1.570402,1.570402,1.570402
13,13,13,高配,普通,10.050019,72.360138,231.169179,0.871746,1.204947,0.547063,1.34149
13,13,14,低配,精英,3.249685,6.49937,148.452731,14.33121,14.311161,13.314717,14.474215
13,13,14,标准,精英,5.957018,21.445264,186.935819,7.762433,7.872397,7.650719,8.664105
13,13,14,高配,精英,10.050019,72.360138,231.169179,4.612427,4.742627,4.519195,5.313621
13,13,16,低配,头目,3.249685,6.49937,148.452731,36.413155,36.740193,35.345172,37.664167
13,13,16,标准,头目,5.957018,21.445264,186.935819,19.741562,19.79552,18.797968,20.82474
13,13,16,高配,头目,10.050019,72.360138,231.169179,11.72661,11.780748,11.669032,12.463458
13,13,18,低配,BOSS,3.249685,6.49937,148.452731,90.342038,90.385075,87.870414,92.160555
13,13,18,标准,BOSS,5.957018,21.445264,186.935819,48.887727,48.898706,47.172783,50.212942
13,13,18,高配,BOSS,10.050019,72.360138,231.169179,29.058354,29.295367,28.351985,30.735264
14,14,14,低配,普通,3.442168,6.884336,156.712649,2.720602,2.743619,2.06104,2.870023
14,14,14,标准,普通,6.298723,22.675401,197.286947,1.486773,1.567016,1.567016,1.567016
14,14,14,高配,普通,10.62144,76.47437,243.928198,0.881685,1.202078,0.544891,1.338475
14,14,15,低配,精英,3.442168,6.884336,156.712649,14.395346,14.246337,13.271224,14.426913
14,14,15,标准,精英,6.298723,22.675401,197.286947,7.810959,7.842993,7.637482,8.649226
14,14,15,高配,精英,10.62144,76.47437,243.928198,4.643475,4.736008,4.512812,5.306397
14,14,17,低配,头目,3.442168,6.884336,156.712649,36.569736,36.637811,35.229315,37.540694
14,14,17,标准,头目,6.298723,22.675401,197.286947,19.86151,19.762606,18.76667,20.790159
14,14,17,高配,头目,10.62144,76.47437,243.928198,11.803487,12.064263,11.655071,12.448656
14,14,19,低配,BOSS,3.442168,6.884336,156.712649,90.688692,90.828792,88.391011,92.66706
14,14,19,标准,BOSS,6.298723,22.675401,197.286947,49.16209,49.087385,47.399036,50.130746
14,14,19,高配,BOSS,10.62144,76.47437,243.928198,29.235369,29.411521,28.320343,30.701096
15,15,15,低配,普通,3.641634,7.283268,165.272685,3.038176,2.861401,2.861401,2.861401
15,15,15,标准,普通,7.365888,26.517197,232.040877,1.502049,1.563713,1.563713,1.563713
15,15,15,高配,普通,12.859593,92.589069,304.537802,0.860363,1.19921,0.542668,1.335474
15,15,16,低配,精英,3.641634,7.283268,165.272685,15.95765,15.805638,15.535592,16.687791
15,15,16,标准,精英,7.365888,26.517197,232.040877,7.857582,7.830302,7.625098,8.635329
15,15,16,高配,精英,12.859593,92.589069,304.537802,4.515001,4.729676,4.506699,5.299505
15,15,18,低配,头目,3.641634,7.283268,165.272685,40.551103,40.757951,38.925235,42.036172
15,15,18,标准,头目,7.365888,26.517197,232.040877,19.97808,20.095137,19.74787,20.758101
15,15,18,高配,头目,12.859593,92.589069,304.537802,11.474712,11.728669,11.641956,12.434762
15,15,20,低配,BOSS,3.641634,7.283268,165.272685,100.437811,100.366255,98.493931,101.950529
15,15,20,标准,BOSS,7.365888,26.517197,232.040877,49.429679,49.423404,48.034336,51.065029
15,15,20,高配,BOSS,12.859593,92.589069,304.537802,28.414252,28.58819,27.498081,29.8765
16,16,16,低配,普通,3.8481,7.6962,174.132852,3.063116,2.853309,2.853309,2.853309
16,16,16,标准,普通,7.772209,27.979953,244.415202,1.51658,1.560482,1.560482,1.560482
16,16,16,高配,普通,13.563864,97.659822,320.730626,0.869013,1.196343,0.540397,1.332483
16,16,17,低配,精英,3.8481,7.6962,174.132852,16.025333,16.336051,15.492258,16.641253
16,16,17,标准,精英,7.772209,27.979953,244.415202,7.902377,7.802642,7.613486,8.62232
16,16,17,高配,精英,13.563864,97.659822,320.730626,4.542446,4.723603,4.500829,5.292915
16,16,19,低配,头目,3.8481,7.6962,174.132852,40.721868,40.770154,39.621159,41.919149
16,16,19,标准,头目,7.772209,27.979953,244.415202,20.091366,20.082043,19.719493,20.728327
16,16,19,高配,头目,13.563864,97.659822,320.730626,11.544116,11.728618,11.629607,12.421693
16,16,21,低配,BOSS,3.8481,7.6962,174.132852,100.821586,100.733346,98.564618,101.666905
16,16,21,标准,BOSS,7.772209,27.979953,244.415202,49.690661,49.732302,47.966843,50.993344
16,16,21,高配,BOSS,13.563864,97.659822,320.730626,28.575009,28.721348,27.471336,29.847595
17,17,17,低配,普通,4.061583,8.123166,205.19732,3.298055,3.776856,2.845691,3.99174
17,17,17,标准,普通,8.752811,31.510121,264.180504,1.530403,1.54282,1.54282,1.54282
17,17,17,高配,普通,15.627631,112.518945,350.780636,0.857156,1.169824,0.51443,1.305849
17,17,18,低配,精英,4.061583,8.123166,205.19732,17.161559,17.386182,16.598274,17.744323
17,17,18,标准,精英,8.752811,31.510121,264.180504,7.945415,7.77699,7.588076,8.595618
17,17,18,高配,精英,15.627631,112.518945,350.780636,4.465529,4.570456,3.680108,5.262948
17,17,20,低配,头目,4.061583,8.123166,205.19732,43.620681,43.852741,42.957391,45.249488
17,17,20,标准,头目,8.752811,31.510121,264.180504,20.201461,20.213843,19.678586,21.693671
17,17,20,高配,头目,15.627631,112.518945,350.780636,11.348556,11.433548,10.802885,12.385725
17,17,22,低配,BOSS,4.061583,8.123166,205.19732,107.910435,108.049367,105.990061,109.428207
17,17,22,标准,BOSS,8.752811,31.510121,264.180504,49.945199,49.920605,47.889777,51.919947
17,17,22,高配,BOSS,15.627631,112.518945,350.780636,28.083235,28.23885,27.422698,29.796957
18,18,18,低配,普通,4.282099,8.564197,215.76406,3.322796,3.749591,2.838498,3.981831
18,18,18,标准,普通,9.218058,33.185007,277.745666,1.543551,1.539165,1.539165,1.539165
18,18,18,高配,普通,16.454169,118.47002,368.743723,0.864738,1.166167,0.511285,1.302086
18,18,19,低配,精英,4.282099,8.564197,215.76406,17.232235,17.362405,16.558498,17.701832
18,18,19,标准,精英,9.218058,33.185007,277.745666,7.986766,7.765937,7.577247,8.583594
18,18,19,高配,精英,16.454169,118.47002,368.743723,4.489896,4.564141,3.67449,5.256092
18,18,21,低配,头目,4.282099,8.564197,215.76406,43.804332,43.76626,42.855166,45.141833
18,18,21,标准,头目,9.218058,33.185007,277.745666,20.308455,20.471069,19.653412,21.666106
18,18,21,高配,头目,16.454169,118.47002,368.743723,11.411527,11.668996,11.582502,12.373303
18,18,23,低配,BOSS,4.282099,8.564197,215.76406,108.329635,108.275273,105.738502,110.311836
18,18,23,标准,BOSS,9.218058,33.185007,277.745666,50.193453,50.001066,47.83113,51.856518
18,18,23,高配,BOSS,16.454169,118.47002,368.743723,28.22991,28.362314,27.398525,29.770929
19,19,19,低配,普通,4.509662,9.019324,226.666081,3.346456,3.740781,2.831684,3.972511
19,19,19,标准,普通,9.698471,34.914494,317.366257,1.556058,1.535555,1.535555,1.535555
19,19,19,高配,普通,17.307883,124.61676,436.195295,0.871937,1.150165,0.508106,1.298332
19,19,20,低配,精英,4.509662,9.019324,226.666081,17.301077,17.34158,16.52161,17.662437
19,19,20,标准,精英,9.698471,34.914494,317.366257,8.026495,8.21097,7.566989,8.572227
19,19,20,高配,精英,17.307883,124.61676,436.195295,4.513227,4.681491,4.45924,5.249467
19,19,22,低配,头目,4.509662,9.019324,226.666081,43.9857,44.151018,42.760635,45.042289
19,19,22,标准,头目,9.698471,34.914494,317.366257,20.412435,20.446612,19.629855,21.640333
19,19,22,高配,头目,17.307883,124.61676,436.195295,11.472486,11.657712,11.018123,12.361508
19,19,24,低配,BOSS,4.509662,9.019324,226.666081,108.746106,108.857309,106.646957,111.210265
19,19,24,标准,BOSS,9.698471,34.914494,317.366257,50.435578,50.336761,48.781782,51.797499
19,19,24,高配,BOSS,17.307883,124.61676,436.195295,28.372347,28.561158,27.375818,29.746499
20,20,20,低配,普通,4.744288,9.488575,237.903391,3.369076,3.732462,2.825212,3.963722
20,20,20,标准,普通,10.194081,36.698693,333.041245,1.567955,1.531988,1.531988,1.531988
20,20,20,高配,普通,18.188822,130.959521,457.683762,0.878774,1.146521,0.504896,1.294588
20,20,21,低配,精英,4.744288,9.488575,237.903391,17.368065,17.305634,16.48733,17.62584
20,20,21,标准,精英,10.194081,36.698693,333.041245,8.064667,8.20057,7.557248,8.561458
20,20,21,高配,精英,18.188822,130.959521,457.683762,4.53557,4.675461,4.45336,5.243052
20,20,23,低配,头目,4.744288,9.488575,237.903391,44.164569,44.220719,42.673057,46.088587
20,20,23,标准,头目,10.194081,36.698693,333.041245,20.513486,20.486454,19.60777,21.61619
20,20,23,高配,头目,18.188822,130.959521,457.683762,11.531516,11.646967,11.007809,12.350287
20,20,25,低配,BOSS,4.744288,9.488575,237.903391,109.15917,109.13357,106.771162,110.983649
20,20,25,标准,BOSS,10.194081,36.698693,333.041245,50.671724,50.565685,48.729863,52.445441
20,20,25,高配,BOSS,18.188822,130.959521,457.683762,28.510718,28.724073,27.35445,30.276313
21,21,21,低配,普通,5.903806,11.807611,249.476,2.863574,2.659454,2.659454,2.659454
21,21,21,标准,普通,10.704919,38.537708,408.704,1.579272,1.528457,1.528457,1.528457
21,21,21,高配,普通,19.097033,137.498635,618.616731,0.885267,1.14288,0.501659,1.290855
21,21,22,低配,精英,5.903806,11.807611,249.476,14.751423,14.72743,14.281691,15.338258
21,21,22,标准,精英,10.704919,38.537708,408.704,8.101342,8.175013,7.54798,8.551234
21,21,22,高配,精英,19.097033,137.498635,618.616731,4.556972,4.669598,4.447637,5.236832
21,21,24,低配,头目,5.903806,11.807611,249.476,37.51019,37.575691,36.469597,38.582731
21,21,24,标准,头目,10.704919,38.537708,408.704,20.611691,20.668658,19.587025,21.593533
21,21,24,高配,头目,19.097033,137.498635,618.616731,11.588696,11.636715,10.99796,12.339592
21,21,26,低配,BOSS,5.903806,11.807611,249.476,92.736732,92.649244,90.354513,94.580781
21,21,26,标准,BOSS,10.704919,38.537708,408.704,50.90204,50.719245,48.681385,52.393425
21,21,26,高配,BOSS,19.097033,137.498635,618.616731,28.645186,28.703068,27.334307,30.25433
22,22,22,低配,普通,6.195025,12.39005,261.383914,2.882592,2.654991,2.654991,2.654991
22,22,22,标准,普通,11.231011,40.431641,428.165888,1.590037,1.52496,1.52496,1.52496
22,22,22,高配,普通,20.032557,144.234409,648.019172,0.891435,1.139244,0.4984,1.287132
22,22,23,低配,精英,6.195025,12.39005,261.383914,14.813007,14.691872,14.263161,15.318449
22,22,23,标准,精英,11.231011,40.431641,428.165888,8.136579,8.165619,7.539141,8.541505
22,22,23,高配,精英,20.032557,144.234409,648.019172,4.577477,4.663891,4.44206,5.230792
22,22,25,低配,头目,6.195025,12.39005,261.383914,37.67732,37.726834,36.424212,38.534789
22,22,25,标准,头目,11.231011,40.431641,428.165888,20.70713,20.648178,19.567505,21.572232
22,22,25,高配,头目,20.032557,144.234409,648.019172,11.644097,11.92269,10.751916,12.32938
22,22,27,低配,BOSS,6.195025,12.39005,261.383914,93.129777,93.063506,91.299196,95.520349
22,22,27,标准,BOSS,11.231011,40.431641,428.165888,51.12667,51.063649,49.638413,52.645504
22,22,27,高配,BOSS,20.032557,144.234409,648.019172,28.775902,28.954371,28.104019,30.233596
23,23,23,低配,普通,6.494624,12.989248,273.62714,3.340222,3.408306,2.650673,3.704771
23,23,23,标准,普通,13.55608,48.801887,448.175876,1.600277,1.521493,1.521493,1.521493
23,23,23,高配,普通,20.995435,151.16713,678.249729,1.033248,1.135614,0.495121,1.28342
23,23,24,低配,精英,6.494624,12.989248,273.62714,17.267113,17.210398,16.353943,17.408041
23,23,24,标准,精英,13.55608,48.801887,448.175876,8.170434,8.156655,7.530696,8.53223
23,23,24,高配,精英,20.995435,151.16713,678.249729,5.337344,5.360406,5.224917,6.013217
23,23,26,低配,头目,6.494624,12.989248,273.62714,43.885893,43.875776,41.968518,45.55245
23,23,26,标准,头目,13.55608,48.801887,448.175876,20.799881,20.785371,19.549102,21.55217
23,23,26,高配,头目,20.995435,151.16713,678.249729,13.566669,13.72377,13.107911,14.68451
23,23,28,低配,BOSS,6.494624,12.989248,273.62714,108.688608,108.752196,105.952249,111.222737
23,23,28,标准,BOSS,13.55608,48.801887,448.175876,51.345753,51.175664,49.595118,53.300794
23,23,28,高配,BOSS,20.995435,151.16713,678.249729,33.592853,33.542108,32.027096,35.180293
24,24,24,低配,普通,6.802618,13.605235,286.205684,3.360118,3.403321,2.646486,3.699474
24,24,24,标准,普通,14.197106,51.10958,468.73397,1.610018,1.518054,1.518054,1.518054
24,24,24,高配,普通,21.985703,158.29706,709.308408,1.039657,1.131992,0.491827,1.279722
24,24,25,低配,精英,6.802618,13.605235,286.205684,17.333607,17.519941,16.335329,18.441305
24,24,25,标准,精英,14.197106,51.10958,468.73397,8.202962,8.226269,7.52261,8.52337
24,24,25,高配,精英,21.985703,158.29706,709.308408,5.359212,5.354617,5.219197,6.007092
24,24,27,低配,头目,6.802618,13.605235,286.205684,44.070359,44.091435,42.660029,45.503097
24,24,27,标准,头目,14.197106,51.10958,468.73397,20.890019,20.907768,19.531724,22.534002
24,24,27,高配,头目,21.985703,158.29706,709.308408,13.627037,13.713691,13.098148,14.673938
24,24,29,低配,BOSS,6.802618,13.605235,286.205684,109.126757,109.195707,106.892296,112.157236
24,24,29,标准,BOSS,14.197106,51.10958,468.73397,51.559427,51.352748,49.554508,53.257318
24,24,29,高配,BOSS,21.985703,158.29706,709.308408,33.736549,33.805016,32.00763,35.15921
25,25,25,低配,普通,7.119019,14.238038,299.119552,3.379079,3.398507,2.642417,3.694369
25,25,25,标准,普通,14.855784,53.480824,489.840176,1.619283,1.51464,1.51464,1.51464
25,25,25,高配,普通,23.003395,165.624444,741.195215,1.045747,1.128378,0.48852,1.276037
25,25,26,低配,精英,7.119019,14.238038,299.119552,17.39771,17.50124,16.317794,18.421698
25,25,26,标准,精英,14.855784,53.480824,489.840176,8.234214,8.202379,7.514855,8.51489
25,25,26,高配,精英,23.003395,165.624444,741.195215,5.380177,5.348976,5.213621,6.001138
25,25,28,低配,头目,7.119019,14.238038,299.119552,44.250238,44.391766,42.616597,45.772453
25,25,28,标准,头目,14.855784,53.480824,489.840176,20.977618,20.921584,19.515284,22.515391
25,25,28,高配,头目,23.003395,165.624444,741.195215,13.685573,13.704037,13.08879,14.663823
25,25,30,低配,BOSS,7.119019,14.238038,299.119552,109.555646,109.59636,106.785676,112.045436
25,25,30,标准,BOSS,14.855784,53.480824,489.840176,51.767825,51.485179,49.516358,53.516501
25,25,30,高配,BOSS,23.003395,165.624444,741.195215,33.876356,34.044121,32.776711,35.926778
26,26,26,低配,普通,7.443842,14.887685,312.36875,3.397148,3.39385,2.638456,3.68944
26,26,26,标准,普通,15.532142,55.915713,511.4945,1.628097,1.51125,1.51125,1.51125
26,26,26,高配,普通,24.048542,173.149502,773.910154,1.051533,1.124775,0.485205,1.272368
26,26,27,低配,精英,7.443842,14.887685,312.36875,17.459495,17.483603,16.301246,18.403214
26,26,27,标准,精英,15.532142,55.915713,511.4945,8.264241,8.444301,7.507402,9.506119
26,26,27,高配,精英,24.048542,173.149502,773.910154,5.400281,5.343474,5.20818,5.995343
26,26,29,低配,头目,7.443842,14.887685,312.36875,44.425598,44.464331,42.575844,45.728796
26,26,29,标准,头目,15.532142,55.915713,511.4945,21.06275,21.201739,19.499706,22.497782
26,26,29,高配,头目,24.048542,173.149502,773.910154,13.742344,13.989962,13.079806,14.654131
26,26,31,低配,BOSS,7.443842,14.887685,312.36875,109.975347,110.117981,107.736846,112.991765
26,26,31,标准,BOSS,15.532142,55.915713,511.4945,51.971079,51.760254,50.479826,54.177453
26,26,31,高配,BOSS,24.048542,173.149502,773.910154,34.012414,34.038008,32.758869,35.907519
27,27,27,低配,普通,7.7771,15.5542,325.953282,3.414367,3.389336,2.634593,3.68467
27,27,27,标准,普通,16.226204,58.414334,533.696946,1.636481,1.507882,1.507882,1.507882
27,27,27,高配,普通,25.121172,180.872437,807.453232,1.057032,1.121184,0.481884,1.268714
27,27,28,低配,精英,7.7771,15.5542,325.953282,17.519034,17.631016,17.335681,18.385759
27,27,28,标准,精英,16.226204,58.414334,533.696946,8.293091,8.436532,7.500228,9.497677
27,27,28,高配,精英,25.121172,180.872437,807.453232,5.419563,5.338102,5.202866,5.989696
27,27,30,低配,头目,7.7771,15.5542,325.953282,44.59651,44.604889,42.537548,45.687781
27,27,30,标准,头目,16.226204,58.414334,533.696946,21.145484,21.201479,19.484921,22.481094
27,27,30,高配,头目,25.121172,180.872437,807.453232,13.797417,13.980941,13.071169,14.644829
27,27,32,低配,BOSS,7.7771,15.5542,325.953282,110.385943,110.382417,107.64237,112.892759
27,27,32,标准,BOSS,16.226204,58.414334,533.696946,52.169313,52.037095,50.445378,54.140658
27,27,32,高配,BOSS,25.121172,180.872437,807.453232,34.144855,34.192645,32.741926,35.889248
28,28,28,低配,普通,8.118805,16.23761,339.873152,3.430773,3.384952,2.630819,3.680047
28,28,28,标准,普通,16.937992,60.97677,556.447518,1.644456,1.504535,1.504535,1.504535
28,28,28,高配,普通,26.22131,188.793433,841.824451,1.062257,1.105317,0.47856,1.265078
28,28,29,低配,精英,8.118805,16.23761,339.873152,17.576397,17.615116,17.32002,18.369249
28,28,29,标准,精英,16.937992,60.97677,556.447518,8.320809,8.429058,7.493312,9.489571
28,28,29,高配,精英,26.22131,188.793433,841.824451,5.438058,5.627798,4.647108,5.984189
28,28,31,低配,头目,8.118805,16.23761,339.873152,44.76305,44.780303,42.501509,45.649196
28,28,31,标准,头目,16.937992,60.97677,556.447518,21.225887,21.186401,19.470866,22.465255
28,28,31,高配,头目,26.22131,188.793433,841.824451,13.850853,13.972266,13.062855,14.635891
28,28,33,低配,BOSS,8.118805,16.23761,339.873152,110.787528,110.865317,107.868458,113.849062
28,28,33,标准,BOSS,16.937992,60.97677,556.447518,52.362654,52.206395,50.412881,54.10596
28,28,33,高配,BOSS,26.22131,188.793433,841.824451,34.273803,34.33572,32.725815,35.871888
29,29,29,低配,普通,8.468969,16.937937,354.128366,3.446405,3.380687,2.627126,3.675558
29,29,29,标准,普通,17.667528,63.603099,579.746222,1.652042,1.501209,1.501209,1.501209
29,29,29,高配,普通,27.34898,196.912654,877.023817,1.067224,1.10176,0.475236,1.261462
29,29,30,低配,精英,8.468969,16.937937,354.128366,17.631655,17.649193,17.305176,18.353608
29,29,30,标准,精英,17.667528,63.603099,579.746222,8.34744,8.421857,7.486634,9.481776
29,29,30,高配,精英,27.34898,196.912654,877.023817,5.455804,5.61027,4.64223,5.978813
29,29,32,低配,头目,8.468969,16.937937,354.128366,44.925296,44.973956,43.51598,46.661276
29,29,32,标准,头目,17.667528,63.603099,579.746222,21.304026,21.421453,20.455056,22.450198
29,29,32,高配,头目,27.34898,196.912654,877.023817,13.902711,14.025338,13.054841,15.177649
29,29,34,低配,BOSS,8.468969,16.937937,354.128366,111.180205,111.287288,108.518772,113.760933
29,29,34,标准,BOSS,17.667528,63.603099,579.746222,52.55122,52.252629,50.382184,54.372467
29,29,34,高配,BOSS,27.34898,196.912654,877.023817,34.399377,34.405771,32.710473,35.855374
30,30,30,低配,普通,8.827603,17.655206,368.718925,3.461297,3.376531,2.623508,3.671192
30,30,30,标准,普通,18.414832,66.293394,603.593059,1.659258,1.497902,1.497902,1.497902
30,30,30,高配,普通,28.504201,205.23025,913.051333,1.071946,1.098219,0.471916,1.257865
30,30,31,低配,精英,8.827603,17.655206,368.718925,17.684875,17.651225,17.291084,18.338768
30,30,31,标准,精英,18.414832,66.293394,603.593059,8.373028,8.414907,7.480177,9.474269
30,30,31,高配,精英,28.504201,205.23025,913.051333,5.472833,5.605148,4.637448,5.973562
30,30,33,低配,头目,8.827603,17.655206,368.718925,45.083325,45.103819,43.483183,46.626235
30,30,33,标准,头目,18.414832,66.293394,603.593059,21.379964,21.407661,20.441773,22.435864
30,30,33,高配,头目,28.504201,205.23025,913.051333,13.953045,14.115508,13.047108,15.169171
30,30,35,低配,BOSS,8.827603,17.655206,368.718925,111.564084,111.64812,108.753893,114.725692
30,30,35,标准,BOSS,18.414832,66.293394,603.593059,52.735131,52.565344,50.652262,55.039264
30,30,35,高配,BOSS,28.504201,205.23025,913.051333,34.521688,34.574755,33.481794,35.839643
31,31,31,低配,普通,9.194719,18.389437,383.644835,3.475483,3.372476,2.619959,3.66694
31,31,31,标准,普通,19.179922,69.047721,627.988035,1.666122,1.494614,1.494614,1.494614
31,31,31,高配,普通,29.686993,213.746352,949.907002,1.076434,1.094697,0.468601,1.25429
31,31,32,低配,精英,9.194719,18.389437,383.644835,17.736123,17.637585,17.277685,18.324665
31,31,32,标准,精英,19.179922,69.047721,627.988035,8.397612,8.408192,7.473925,9.467028
31,31,32,高配,精英,29.686993,213.746352,949.907002,5.489177,5.600137,4.632756,5.968429
31,31,34,低配,头目,9.194719,18.389437,383.644835,45.237217,45.235334,43.452196,46.593137
31,31,34,标准,头目,19.179922,69.047721,627.988035,21.453763,21.394507,20.429097,22.422201
31,31,34,高配,头目,29.686993,213.746352,949.907002,14.001909,14.107684,13.039637,15.160999
31,31,36,低配,BOSS,9.194719,18.389437,383.644835,111.939283,111.963977,109.411962,114.646864
31,31,36,标准,BOSS,19.179922,69.047721,627.988035,52.914502,52.817028,50.624614,54.311856
31,31,36,高配,BOSS,29.686993,213.746352,949.907002,34.640844,34.695211,33.467571,35.82464
32,32,32,低配,普通,9.570327,19.140653,398.906097,3.488996,3.368514,2.616473,3.662791
32,32,32,标准,普通,19.962818,71.866144,652.931151,1.672651,1.491346,1.491346,1.491346
32,32,32,高配,普通,30.897372,222.461079,987.590828,1.080701,1.091195,0.465294,1.250738
32,32,33,低配,精英,9.570327,19.140653,398.906097,17.785464,17.951573,17.264927,18.311245
32,32,33,标准,精英,19.962818,71.866144,652.931151,8.421232,8.401694,7.467863,9.460036
32,32,33,高配,精英,30.897372,222.461079,987.590828,5.504865,5.595231,4.628152,5.963408
32,32,35,低配,头目,9.570327,19.140653,398.906097,45.387055,45.368378,43.42288,46.561835
32,32,35,标准,头目,19.962818,71.866144,652.931151,21.525483,21.381943,20.416985,22.409157
32,32,35,高配,头目,30.897372,222.461079,987.590828,14.049354,14.112399,13.032412,15.153113
32,32,37,低配,BOSS,9.570327,19.140653,398.906097,112.305926,112.31639,109.340923,115.304936
32,32,37,标准,BOSS,19.962818,71.866144,652.931151,53.089443,52.774224,50.598398,54.283917
32,32,37,高配,BOSS,30.897372,222.461079,987.590828,34.756944,34.718055,33.45398,35.810314
33,33,33,低配,普通,9.954436,19.908873,414.502716,3.501867,3.364638,2.613045,3.658739
33,33,33,标准,普通,20.763534,74.748721,678.422412,1.678862,1.488096,1.488096,1.488096
33,33,33,高配,普通,32.135352,231.374532,1026.102814,1.084759,1.087714,0.461997,1.247211
33,33,34,低配,精英,9.954436,19.908873,414.502716,17.832962,17.922659,17.252761,18.298455
33,33,34,标准,精英,20.763534,74.748721,678.422412,8.443925,8.395399,7.46198,9.453275
33,33,34,高配,精英,32.135352,231.374532,1026.102814,5.519928,5.590425,4.62363,5.958494
33,33,36,低配,头目,9.954436,19.908873,414.502716,45.532919,45.535517,43.395112,46.532194
33,33,36,标准,头目,20.763534,74.748721,678.422412,21.595183,21.681068,20.405395,23.392337
33,33,36,高配,头目,32.135352,231.374532,1026.102814,14.095427,14.105087,13.025418,15.145496
33,33,38,低配,BOSS,9.954436,19.908873,414.502716,112.664139,112.770374,110.319529,115.547999
33,33,38,标准,BOSS,20.763534,74.748721,678.422412,53.260066,52.950616,51.270461,55.253051
33,33,38,高配,BOSS,32.135352,231.374532,1026.102814,34.870086,34.815102,33.440978,36.581833
34,34,34,低配,普通,10.347058,20.694116,430.434693,3.514125,3.360841,2.609671,3.654777
34,34,34,标准,普通,21.582085,77.695507,704.461819,1.68477,1.484866,1.484866,1.484866
34,34,34,高配,普通,33.400945,240.486801,1065.442962,1.088617,1.084256,0.458713,1.243708
34,34,35,低配,精英,10.347058,20.694116,430.434693,17.878678,17.910665,17.241145,18.28625
34,34,35,标准,精英,21.582085,77.695507,704.461819,8.465729,8.389294,7.456263,9.446729
34,34,35,高配,精英,33.400945,240.486801,1065.442962,5.534391,5.585715,4.619189,5.953682
34,34,37,低配,头目,10.347058,20.694116,430.434693,45.674891,45.687603,43.368776,47.549197
34,34,37,标准,头目,21.582085,77.695507,704.461819,21.66292,21.669434,20.394292,23.379991
34,34,37,高配,头目,33.400945,240.486801,1065.442962,14.140175,14.29426,13.018642,15.13813
34,34,39,低配,BOSS,10.347058,20.694116,430.434693,113.014055,113.096892,110.255512,116.212612
34,34,39,标准,BOSS,21.582085,77.695507,704.461819,53.426475,53.268081,51.246514,55.227446
34,34,39,高配,BOSS,33.400945,240.486801,1065.442962,34.980362,34.973987,33.428527,36.56851
35,35,35,低配,普通,10.7482,21.496401,446.702032,3.525798,3.618255,3.650897,3.650897
35,35,35,标准,普通,22.418486,80.706551,731.049376,1.69039,1.481654,1.481654,1.481654
35,35,35,高配,普通,34.694161,249.797962,1105.611275,1.092287,1.080822,0.455444,1.240233
35,35,36,低配,精英,10.7482,21.496401,446.702032,17.922673,17.899202,17.230037,18.274587
35,35,36,标准,精英,22.418486,80.706551,731.049376,8.486678,8.383367,7.450703,9.440386
35,35,36,高配,精英,34.694161,249.797962,1105.611275,5.548281,5.581098,4.614826,5.948968
35,35,38,低配,头目,10.7482,21.496401,446.702032,45.813055,45.857216,44.388319,47.521967
35,35,38,标准,头目,22.418486,80.706551,731.049376,21.728749,21.642738,20.383642,23.368166
35,35,38,高配,头目,34.694161,249.797962,1105.611275,14.183642,14.287354,13.012071,15.131002
35,35,40,低配,BOSS,10.7482,21.496401,446.702032,113.35581,113.361214,111.239473,116.46222
35,35,40,标准,BOSS,22.418486,80.706551,731.049376,53.588776,53.244499,51.223728,55.203094
35,35,40,高配,BOSS,34.694161,249.797962,1105.611275,35.087857,35.09653,33.416591,36.555748
36,36,36,低配,普通,11.157872,22.315745,463.304734,3.536914,3.614468,3.647094,3.647094
36,36,36,标准,普通,23.27275,83.7819,758.185084,1.695736,1.478461,1.478461,1.478461
36,36,36,高配,普通,36.015011,259.308082,1146.607754,1.095777,1.077414,0.452191,1.236785
36,36,37,低配,精英,11.157872,22.315745,463.304734,17.965005,17.888231,17.219403,18.263427
36,36,37,标准,精英,23.27275,83.7819,758.185084,8.506806,8.595146,8.43976,9.434231
36,36,37,高配,精英,36.015011,259.308082,1146.607754,5.561622,5.57657,4.610539,5.944349
36,36,39,低配,头目,11.157872,22.315745,463.304734,45.947493,45.881118,44.364021,47.496093
36,36,39,标准,头目,23.27275,83.7819,758.185084,21.792723,21.632042,20.373415,23.356828
36,36,39,高配,头目,36.015011,259.308082,1146.607754,14.225869,14.280659,13.005694,15.124098
36,36,41,低配,BOSS,11.157872,22.315745,463.304734,113.689541,113.628474,111.181543,116.401662
36,36,41,标准,BOSS,23.27275,83.7819,758.185084,53.74707,53.57943,51.202022,55.179907
36,36,41,高配,BOSS,36.015011,259.308082,1146.607754,35.192657,35.21951,34.189731,36.543512
37,37,37,低配,普通,11.576082,23.152165,480.242801,3.547497,3.610753,3.643363,3.643363
37,37,37,标准,普通,24.144887,86.921594,785.868945,1.700821,1.475288,1.475288,1.475288
37,37,37,高配,普通,37.363502,269.017212,1188.432403,1.099097,1.075076,0.45,1.234409
37,37,38,低配,精英,11.576082,23.152165,480.242801,18.005731,17.910328,17.209209,18.252735
37,37,38,标准,精英,24.144887,86.921594,785.868945,8.526144,8.589465,8.434133,9.428254
37,37,38,高配,精英,37.363502,269.017212,1188.432403,5.574438,5.573171,4.607368,5.940863
37,37,40,低配,头目,11.576082,23.152165,480.242801,46.078286,46.069241,44.3409,47.47148
37,37,40,标准,头目,24.144887,86.921594,785.868945,21.854896,21.932429,20.363582,23.345944
37,37,40,高配,头目,37.363502,269.017212,1188.432403,14.266896,14.275208,13.000544,15.118448
37,37,42,低配,BOSS,11.576082,23.152165,480.242801,114.015389,114.028909,111.126601,116.344234
37,37,42,标准,BOSS,24.144887,86.921594,785.868945,53.901455,53.68216,51.181325,55.853692
37,37,42,高配,BOSS,37.363502,269.017212,1188.432403,35.29484,35.331687,34.179586,36.532813
38,38,38,低配,普通,12.002838,24.005677,497.516236,3.557574,3.607104,3.6397,3.6397
38,38,38,标准,普通,25.034909,90.125674,814.100962,1.705658,1.472135,1.472135,1.472135
38,38,38,高配,普通,38.739639,278.925398,1231.085223,1.102256,1.062683,0.45,1.234234
38,38,39,低配,精英,12.002838,24.005677,497.516236,18.044907,18.160991,17.199424,19.285536
38,38,39,标准,精英,25.034909,90.125674,814.100962,8.544725,8.568407,8.428655,9.422444
38,38,39,高配,精英,38.739639,278.925398,1231.085223,5.586751,5.731323,4.606438,6.723869
38,38,41,低配,头目,12.002838,24.005677,497.516236,46.205517,46.062733,44.318874,47.448041
38,38,41,标准,头目,25.034909,90.125674,814.100962,21.915317,21.93797,20.354119,23.037349
38,38,41,高配,头目,38.739639,278.925398,1231.085223,14.306762,14.492684,12.997738,15.350439
38,38,43,低配,BOSS,12.002838,24.005677,497.516236,114.333495,114.350288,112.117497,117.332776
38,38,43,标准,BOSS,25.034909,90.125674,814.100962,54.052029,53.723679,52.155356,55.832374
38,38,43,高配,BOSS,38.739639,278.925398,1231.085223,35.394483,35.45868,34.172047,37.308982
39,39,39,低配,普通,12.438148,24.876295,515.125041,3.567167,3.603518,3.636099,3.636099
39,39,39,标准,普通,25.942826,93.394173,842.881137,1.710259,1.469001,1.469001,1.469001
39,39,39,高配,普通,40.143427,289.032674,1274.566216,1.105261,1.062553,0.45,1.234067
39,39,40,低配,精英,12.438148,24.876295,515.125041,18.082586,18.151178,17.190022,19.275241
39,39,40,标准,精英,25.942826,93.394173,842.881137,8.562576,8.563025,8.423318,9.416791
39,39,40,高配,精英,40.143427,289.032674,1274.566216,5.598582,5.730203,4.605557,6.722538
39,39,42,低配,头目,12.438148,24.876295,515.125041,46.329267,46.269052,44.297869,47.425697
39,39,42,标准,头目,25.942826,93.394173,842.881137,21.974037,21.928351,20.345003,23.027382
39,39,42,高配,头目,40.143427,289.032674,1274.566216,14.345505,14.489705,12.995077,15.347279
39,39,44,低配,BOSS,12.438148,24.876295,515.125041,114.644002,114.625136,112.067484,117.280532
39,39,44,标准,BOSS,25.942826,93.394173,842.881137,54.198885,53.998926,52.136163,55.812016
39,39,44,高配,BOSS,40.143427,289.032674,1274.566216,35.491659,35.451254,34.164894,37.301163
40,40,40,低配,普通,12.882017,25.764034,533.069216,3.576298,3.59999,3.632558,3.632558
40,40,40,标准,普通,26.868645,96.727123,872.20947,1.714636,1.465889,1.465889,1.465889
40,40,40,高配,普通,41.57487,299.339064,1318.875384,1.10812,1.062429,0.45,1.233909
40,40,41,低配,精英,12.882017,25.764034,533.069216,18.11882,18.141743,17.180978,19.26535
40,40,41,标准,精英,26.868645,96.727123,872.20947,8.579728,8.557778,8.418113,9.411288
40,40,41,高配,精英,41.57487,299.339064,1318.875384,5.609952,5.729139,4.604719,6.721275
40,40,43,低配,头目,12.882017,25.764034,533.069216,46.449616,46.362189,44.277816,48.446561
40,40,43,标准,头目,26.868645,96.727123,872.20947,22.031102,21.919084,20.336211,23.017783
40,40,43,高配,头目,41.57487,299.339064,1318.875384,14.383158,14.486877,12.992549,15.344277
40,40,45,低配,BOSS,12.882017,25.764034,533.069216,114.947053,114.837073,112.019913,117.960374
40,40,45,标准,BOSS,26.868645,96.727123,872.20947,54.342115,54.026565,52.117808,55.792555
40,40,45,高配,BOSS,41.57487,299.339064,1318.875384,35.586438,35.627931,34.158101,37.293739
41,41,41,低配,普通,13.334454,26.668908,551.348764,3.58499,3.596517,3.629073,3.629073
41,41,41,标准,普通,27.812375,100.124552,902.085964,1.718799,1.462797,1.462797,1.462797
41,41,41,高配,普通,43.03397,309.844587,1364.012727,1.110841,1.062312,0.45,1.233759
41,41,42,低配,精英,13.334454,26.668908,551.348764,18.153661,18.132662,17.172267,19.255835
41,41,42,标准,精英,27.812375,100.124552,902.085964,8.596207,8.552659,8.413033,9.405924
41,41,42,高配,精英,43.03397,309.844587,1364.012727,5.62088,5.728129,4.603924,6.720074
41,41,44,低配,头目,13.334454,26.668908,551.348764,46.566645,46.456168,45.300439,48.425791
41,41,44,标准,头目,27.812375,100.124552,902.085964,22.086561,22.12734,20.327725,23.306398
41,41,44,高配,头目,43.03397,309.844587,1364.012727,14.419756,14.484189,12.990148,15.341425
41,41,46,低配,BOSS,13.334454,26.668908,551.348764,115.242793,115.181366,113.016408,117.912794
41,41,46,标准,BOSS,27.812375,100.124552,902.085964,54.481808,54.318728,52.100237,56.071801
41,41,46,高配,BOSS,43.03397,309.844587,1364.012727,35.678887,35.633441,34.151647,37.286684
42,42,42,低配,普通,13.795464,27.590928,569.963685,3.593261,3.593097,3.625641,3.625641
42,42,42,标准,普通,28.774024,103.586485,932.510619,1.722759,1.459726,1.459726,1.459726
42,42,42,高配,普通,44.52073,320.549253,1409.978248,1.11343,1.0622,0.45,1.233616
42,42,43,低配,精英,13.795464,27.590928,569.963685,18.187157,18.123912,17.163869,19.246673
42,42,43,标准,精英,28.774024,103.586485,932.510619,8.61204,8.547661,8.408074,9.400695
42,42,43,高配,精英,44.52073,320.549253,1409.978248,5.631384,5.727167,4.603167,6.718932
42,42,45,低配,头目,13.795464,27.590928,569.963685,46.680431,46.583481,45.281728,48.405934
42,42,45,标准,头目,28.774024,103.586485,932.510619,22.140457,22.196202,21.312148,23.297391
42,42,45,高配,头目,44.52073,320.549253,1409.978248,14.455331,14.542852,12.987863,15.338713
42,42,47,低配,BOSS,13.795464,27.590928,569.963685,115.531366,115.429928,112.97287,118.179881
42,42,47,标准,BOSS,28.774024,103.586485,932.510619,54.618053,54.36333,52.083403,56.748723
42,42,47,高配,BOSS,44.52073,320.549253,1409.978248,35.769071,35.773961,34.145508,37.279974
43,43,43,低配,普通,14.265054,28.530108,588.913982,3.601133,3.589726,3.622258,3.622258
43,43,43,标准,普通,29.753596,107.112946,963.483438,1.726526,1.456677,1.456677,1.456677
43,43,43,高配,普通,46.035148,331.453064,1456.771948,1.115894,1.062094,0.45,1.233481
43,43,44,低配,精英,14.265054,28.530108,588.913982,18.219357,18.115472,17.155765,19.237842
43,43,44,标准,精英,29.753596,107.112946,963.483438,8.627252,8.542779,8.403228,9.395592
43,43,44,高配,精英,46.035148,331.453064,1456.771948,5.641482,5.726252,4.602447,6.717845
43,43,46,低配,头目,14.265054,28.530108,588.913982,46.791055,46.565115,45.263816,48.386933
43,43,46,标准,头目,29.753596,107.112946,963.483438,22.192835,22.187789,21.303965,23.288693
43,43,46,高配,头目,46.035148,331.453064,1456.771948,14.489915,14.638344,13.76917,15.336131
43,43,48,低配,BOSS,14.265054,28.530108,588.913982,115.812915,115.712873,112.931347,118.136542
43,43,48,标准,BOSS,29.753596,107.112946,963.483438,54.750934,54.470643,52.06726,56.731373
43,43,48,高配,BOSS,46.035148,331.453064,1456.771948,35.857051,35.841287,34.139665,37.273588
44,44,44,低配,普通,14.743228,29.486457,608.199656,3.608624,3.586402,3.618924,3.618924
44,44,44,标准,普通,30.751098,110.703953,995.004422,1.73011,1.45365,1.45365,1.45365
44,44,44,高配,普通,47.577225,342.556019,1504.393828,1.11824,1.061993,0.45,1.233351
44,44,45,低配,精英,14.743228,29.486457,608.199656,18.250306,18.107325,17.147936,19.229322
44,44,45,标准,精英,30.751098,110.703953,995.004422,8.641868,8.538007,8.39849,9.39061
44,44,45,高配,精英,47.577225,342.556019,1504.393828,5.65119,5.725381,4.601761,6.716809
44,44,47,低配,头目,14.743228,29.486457,608.199656,46.898591,46.888997,45.246653,48.368733
44,44,47,标准,头目,30.751098,110.703953,995.004422,22.243737,22.272667,21.296049,23.280289
44,44,47,高配,头目,47.577225,342.556019,1504.393828,14.523538,14.636,13.76697,15.333672
44,44,49,低配,BOSS,14.743228,29.486457,608.199656,116.087584,115.965011,113.203921,118.09518
44,44,49,标准,BOSS,30.751098,110.703953,995.004422,54.880534,54.532067,52.051767,56.714731
44,44,49,高配,BOSS,47.577225,342.556019,1504.393828,35.942888,35.95784,34.369106,37.267505
45,45,45,低配,普通,15.229993,30.459987,627.820707,3.615751,3.583123,3.615634,3.615634
45,45,45,标准,普通,31.766534,114.359524,1027.073571,1.733518,1.450646,1.450646,1.450646
45,45,45,高配,普通,49.14696,353.858109,1552.84389,1.120473,1.061897,0.45,1.233228
45,45,46,低配,精英,15.229993,30.459987,627.820707,18.28005,18.148218,17.140366,19.221094
45,45,46,标准,精英,31.766534,114.359524,1027.073571,8.65591,8.53334,8.393855,9.385742
45,45,46,高配,精英,49.14696,353.858109,1552.84389,5.660525,5.712312,4.601107,6.715823
45,45,48,低配,头目,15.229993,30.459987,627.820707,47.003117,46.839506,45.230193,48.351285
45,45,48,标准,头目,31.766534,114.359524,1027.073571,22.293206,22.264776,21.288387,23.272161
45,45,48,高配,头目,49.14696,353.858109,1552.84389,14.556228,14.621529,13.764873,15.331329
45,45,50,低配,BOSS,15.229993,30.459987,627.820707,116.355515,116.1375,113.16596,119.096035
45,45,50,标准,BOSS,31.766534,114.359524,1027.073571,55.006934,54.733578,52.036886,56.698755
45,45,50,高配,BOSS,49.14696,353.858109,1552.84389,36.026638,36.111342,34.363765,38.044936
46,46,46,低配,普通,15.725354,31.450707,647.777137,3.622531,3.579886,3.612388,3.612388
46,46,46,标准,普通,32.799909,118.079674,1059.690887,1.73676,1.447665,1.447665,1.447665
46,46,46,高配,普通,50.74435,365.359319,1602.122133,1.1226,1.061805,0.45,1.23311
46,46,47,低配,精英,15.725354,31.450707,647.777137,18.308631,18.400601,18.17309,19.21314
46,46,47,标准,精英,32.799909,118.079674,1059.690887,8.669402,8.528773,8.38932,9.380985
46,46,47,高配,精英,50.74435,365.359319,1602.122133,5.669502,5.711522,4.600484,6.714881
46,46,49,低配,头目,15.725354,31.450707,647.777137,47.104708,46.823221,45.214393,48.334544
46,46,49,标准,头目,32.799909,118.079674,1059.690887,22.341282,22.257135,21.280965,23.264295
46,46,49,高配,头目,50.74435,365.359319,1602.122133,14.588014,14.6194,13.762873,15.329093
46,46,51,低配,BOSS,15.725354,31.450707,647.777137,116.616851,116.490329,113.857702,119.057953
46,46,51,标准,BOSS,32.799909,118.079674,1059.690887,55.130213,54.889111,52.02258,56.980905
46,46,51,高配,BOSS,50.74435,365.359319,1602.122133,36.108358,36.105985,34.358671,38.039289
47,47,47,低配,普通,16.229313,32.458627,668.068947,3.628981,3.576691,3.609183,3.609183
47,47,47,标准,普通,33.851226,121.864414,1092.856371,1.739845,1.444707,1.444707,1.444707
47,47,47,高配,普通,52.369393,377.059633,1652.22856,1.124624,1.061717,0.45,1.232998
47,47,48,低配,精英,16.229313,32.458627,668.068947,18.336093,18.376894,18.165694,19.205445
47,47,48,标准,精英,33.851226,121.864414,1092.856371,8.682365,8.524302,8.384879,9.376332
47,47,48,高配,精英,52.369393,377.059633,1652.22856,5.678135,5.710767,4.599889,6.713983
47,47,50,低配,头目,16.229313,32.458627,668.068947,47.203437,47.164994,45.199215,49.358218
47,47,50,标准,头目,33.851226,121.864414,1092.856371,22.388003,22.466612,21.27377,23.256676
47,47,50,高配,头目,52.369393,377.059633,1652.22856,14.618922,14.617368,13.760964,15.32696
47,47,52,低配,BOSS,16.229313,32.458627,668.068947,116.871731,116.730821,113.822768,119.021522
47,47,52,标准,BOSS,33.851226,121.864414,1092.856371,55.250448,54.905719,52.008817,56.966082
47,47,52,高配,BOSS,52.369393,377.059633,1652.22856,36.1881,36.210982,34.353809,38.033899
48,48,48,低配,普通,16.741877,33.483755,688.696137,3.635117,3.573535,3.606018,3.606018
48,48,48,标准,普通,34.920488,125.713756,1126.570023,1.742779,1.441774,1.441774,1.441774
48,48,48,高配,普通,54.022087,388.959027,1703.163171,1.126552,1.061633,0.45,1.232891
48,48,49,低配,精英,16.741877,33.483755,688.696137,18.362475,18.353429,17.430904,19.197994
48,48,49,标准,精英,34.920488,125.713756,1126.570023,8.69482,8.519924,8.38053,9.371781
48,48,49,高配,精英,54.022087,388.959027,1703.163171,5.686438,5.710046,4.59932,6.713125
48,48,51,低配,头目,16.741877,33.483755,688.696137,47.299376,47.133618,45.184621,49.342482
48,48,51,标准,头目,34.920488,125.713756,1126.570023,22.433408,22.459389,21.266791,23.249292
48,48,51,高配,头目,54.022087,388.959027,1703.163171,14.648979,14.774452,13.759141,15.324922
48,48,53,低配,BOSS,16.741877,33.483755,688.696137,117.120295,116.923954,113.789317,120.026107
48,48,53,标准,BOSS,34.920488,125.713756,1126.570023,55.367715,55.093225,51.995567,57.645696
48,48,53,高配,BOSS,54.022087,388.959027,1703.163171,36.265917,36.242782,34.349165,38.028751
49,49,49,低配,普通,17.26305,34.526099,709.658709,3.640952,3.570417,3.602891,3.602891
49,49,49,标准,普通,36.007696,129.627707,1160.831845,1.745569,1.441058,1.441058,1.441058
49,49,49,高配,普通,55.702427,401.057476,1754.925968,1.128388,1.061553,0.45,1.232788
49,49,50,低配,精英,17.26305,34.526099,709.658709,18.387818,18.346431,17.424148,19.190774
49,49,50,标准,精英,36.007696,129.627707,1160.831845,8.706786,8.517828,8.378461,9.369518
49,49,50,高配,精英,55.702427,401.057476,1754.925968,5.694425,5.709358,4.598777,6.712305
49,49,52,低配,头目,17.26305,34.526099,709.658709,47.392597,47.313913,45.170579,49.327348
49,49,52,标准,头目,36.007696,129.627707,1160.831845,22.477535,22.454575,21.262209,23.244324
49,49,52,高配,头目,55.702427,401.057476,1754.925968,14.678208,14.772577,13.757398,15.322975
49,49,54,低配,BOSS,17.26305,34.526099,709.658709,117.362681,117.199588,114.796456,119.992417
49,49,54,标准,BOSS,36.007696,129.627707,1160.831845,55.482087,55.159475,52.976052,57.634022
49,49,54,高配,BOSS,55.702427,401.057476,1754.925968,36.341858,36.40933,34.344727,38.023831
50,50,50,低配,普通,17.792833,35.585667,730.956663,3.646501,3.567335,3.599802,3.599802
50,50,50,标准,普通,37.112854,133.606275,1195.641837,1.748224,1.440873,1.440873,1.440873
50,50,50,高配,普通,57.41041,413.35495,1807.51695,1.130136,1.061477,0.45,1.23269
50,50,51,低配,精英,17.792833,35.585667,730.956663,18.412159,18.339641,17.417589,19.183772
50,50,51,标准,精英,37.112854,133.606275,1195.641837,8.718283,8.516324,8.376983,9.367855
50,50,51,高配,精英,57.41041,413.35495,1807.51695,5.702108,5.708699,4.598258,6.711521
50,50,53,低配,头目,17.792833,35.585667,730.956663,47.483169,47.413486,46.195988,49.312782
50,50,53,标准,头目,37.112854,133.606275,1195.641837,22.520418,22.450473,21.258329,23.240075
50,50,53,高配,头目,57.41041,413.35495,1807.51695,14.706635,14.770783,13.755732,15.321112
50,50,55,低配,BOSS,17.792833,35.585667,730.956663,117.599025,117.492654,114.765459,119.960116
50,50,55,标准,BOSS,37.112854,133.606275,1195.641837,55.593634,55.350547,52.966259,57.623361
50,50,55,高配,BOSS,57.41041,413.35495,1807.51695,36.415971,36.429287,34.888366,38.019126
51,51,51,低配,普通,18.331232,36.662465,752.59,3.651777,3.564289,3.596748,3.596748
51,51,51,标准,普通,38.235962,137.649463,1231.0,1.750749,1.440696,1.440696,1.440696
51,51,51,高配,普通,59.14603,425.851416,1860.936119,1.131802,1.061403,0.45,1.232596
51,51,52,低配,精英,18.331232,36.662465,752.59,18.435535,18.333048,17.411218,19.176977
51,51,52,标准,精英,38.235962,137.649463,1231.0,8.729329,8.901876,8.375569,9.366265
51,51,52,高配,精英,59.14603,425.851416,1860.936119,5.7095,5.708069,4.597761,6.710771
51,51,54,低配,头目,18.331232,36.662465,752.59,47.571162,47.416142,46.182707,49.298753
51,51,54,标准,头目,38.235962,137.649463,1231.0,22.562094,22.446549,21.254618,23.23601
51,51,54,高配,头目,59.14603,425.851416,1860.936119,14.734282,14.769067,13.754138,15.31933
51,51,56,低配,BOSS,18.331232,36.662465,752.59,117.829463,117.673238,114.735716,120.967808
51,51,56,标准,BOSS,38.235962,137.649463,1231.0,55.702428,55.541989,52.956892,57.613163
51,51,56,高配,BOSS,59.14603,425.851416,1860.936119,36.488303,36.473888,34.884239,38.014624
52,52,52,低配,普通,18.87825,37.756499,774.558721,3.656794,3.561277,3.593728,3.593728
52,52,52,标准,普通,39.377021,141.757276,1266.906335,1.753151,1.440527,1.440527,1.440527
52,52,52,高配,普通,60.909283,438.54684,1915.183475,1.133388,1.061333,0.45,1.232507
52,52,53,低配,精英,18.87825,37.756499,774.558721,18.457982,18.326642,17.405023,19.170377
52,52,53,标准,精英,39.377021,141.757276,1266.906335,8.739943,8.900433,8.374215,9.364742
52,52,53,高配,精英,60.909283,438.54684,1915.183475,5.716612,5.707466,4.597285,6.710052
52,52,55,低配,头目,18.87825,37.756499,774.558721,47.656643,47.597761,46.169902,49.285231
52,52,55,标准,头目,39.377021,141.757276,1266.906335,22.602595,22.767809,21.251065,23.232119
52,52,55,高配,头目,60.909283,438.54684,1915.183475,14.761171,14.926371,13.752611,15.317624
52,52,57,低配,BOSS,18.87825,37.756499,774.558721,118.054126,117.822486,114.707157,120.937816
52,52,57,标准,BOSS,39.377021,141.757276,1266.906335,55.808535,55.532581,52.947925,57.603402
52,52,57,高配,BOSS,60.909283,438.54684,1915.183475,36.558899,36.653154,34.880288,38.792821
53,53,53,低配,普通,19.433888,38.867776,796.862826,3.661563,3.558298,3.590742,3.590742
53,53,53,标准,普通,40.536032,145.929715,1303.360842,1.755436,1.440365,1.440365,1.440365
53,53,53,高配,普通,62.700165,451.441185,1970.259019,1.1349,1.061266,0.45,1.232421
53,53,54,低配,精英,19.433888,38.867776,796.862826,18.479534,18.320413,17.398998,19.163963
53,53,54,标准,精英,40.536032,145.929715,1303.360842,8.75014,8.89905,8.372919,9.363284
53,53,54,高配,精英,62.700165,451.441185,1970.259019,5.723456,5.706888,4.596829,6.709364
53,53,56,低配,头目,19.433888,38.867776,796.862826,47.739678,47.682423,46.157545,49.272189
53,53,56,标准,头目,40.536032,145.929715,1303.360842,22.641956,22.764158,21.247662,23.228392
53,53,56,高配,头目,62.700165,451.441185,1970.259019,14.787326,14.924779,13.751149,15.31599
53,53,58,低配,BOSS,19.433888,38.867776,796.862826,118.273147,118.118802,115.71793,120.909004
53,53,58,标准,BOSS,40.536032,145.929715,1303.360842,55.912023,55.69379,52.939338,57.891162
53,53,58,高配,BOSS,62.700165,451.441185,1970.259019,36.627804,36.649174,34.876503,38.788605
54,54,54,低配,普通,19.998151,39.996301,819.502316,3.666096,3.555352,3.587789,3.587789
54,54,54,标准,普通,41.712994,150.166779,1340.363522,1.757609,1.44021,1.44021,1.44021
54,54,54,高配,普通,64.518668,464.53441,2026.162752,1.13634,1.061202,0.45,1.232338
54,54,55,低配,精英,19.998151,39.996301,819.502316,18.500225,18.314353,17.393132,19.157725
54,54,55,标准,精英,41.712994,150.166779,1340.363522,8.759937,8.897726,8.371677,9.361886
54,54,55,高配,精英,64.518668,464.53441,2026.162752,5.730041,5.706334,4.596392,6.708704
54,54,57,低配,头目,19.998151,39.996301,819.502316,47.820331,47.702607,46.145614,49.259601
54,54,57,标准,头目,41.712994,150.166779,1340.363522,22.680209,22.76066,21.244401,23.22482
54,54,57,高配,头目,64.518668,464.53441,2026.162752,14.812766,14.923254,13.749747,15.314423
54,54,59,低配,BOSS,19.998151,39.996301,819.502316,118.486654,118.253879,115.691327,120.881306
54,54,59,标准,BOSS,41.712994,150.166779,1340.363522,56.012956,55.7006,52.931108,57.882156
54,54,59,高配,BOSS,64.518668,464.53441,2026.162752,36.695058,36.743151,34.872874,38.784564
55,55,55,低配,普通,20.571039,41.142078,842.477192,3.670405,3.552437,3.584868,3.584868
55,55,55,标准,普通,42.907908,154.468469,1377.914376,1.759677,1.440061,1.440061,1.440061
55,55,55,高配,普通,66.364788,477.826475,2082.894673,1.137712,1.06114,0.45,1.232259
55,55,56,低配,精英,20.571039,41.142078,842.477192,18.520086,18.308454,17.387419,19.151655
55,55,56,标准,精英,42.907908,154.468469,1377.914376,8.76935,8.896455,8.370486,9.360546
55,55,56,高配,精英,66.364788,477.826475,2082.894673,5.736379,5.705802,4.595972,6.708072
55,55,58,低配,头目,20.571039,41.142078,842.477192,47.898666,47.788057,46.134086,50.285229
55,55,58,标准,头目,42.907908,154.468469,1377.914376,22.717383,22.757305,21.241275,23.221396
55,55,58,高配,头目,66.364788,477.826475,2082.894673,14.837512,14.921791,13.748402,15.31292
55,55,60,低配,BOSS,20.571039,41.142078,842.477192,118.694775,118.552076,115.665735,121.892449
55,55,60,标准,BOSS,42.907908,154.468469,1377.914376,56.111396,55.877929,52.923217,57.87352
55,55,60,高配,BOSS,66.364788,477.826475,2082.894673,36.760704,36.739482,34.869394,38.780689
56,56,56,低配,普通,21.152556,42.305112,865.787454,3.6745,3.549553,3.581978,3.581978
56,56,56,标准,普通,44.120773,158.834781,1416.013404,1.761643,1.439918,1.439918,1.439918
56,56,56,高配,普通,68.238519,491.317338,2140.454785,1.13902,1.061081,0.45,1.232183
56,56,57,低配,精英,21.152556,42.305112,865.787454,18.53915,18.626952,17.381851,19.145744
56,56,57,标准,精英,44.120773,158.834781,1416.013404,8.778394,8.895237,8.369343,9.359261
56,56,57,高配,精英,68.238519,491.317338,2140.454785,5.742478,5.705292,4.59557,6.707465
56,56,59,低配,头目,21.152556,42.305112,865.787454,47.974745,47.971137,46.12294,50.273278
56,56,59,标准,头目,44.120773,158.834781,1416.013404,22.753511,22.754087,21.238275,23.218111
56,56,59,高配,头目,68.238519,491.317338,2140.454785,14.861583,14.920387,13.747112,15.311478
56,56,61,低配,BOSS,21.152556,42.305112,865.787454,118.897634,118.640366,115.641098,121.866605
56,56,61,标准,BOSS,44.120773,158.834781,1416.013404,56.207406,55.8854,52.915646,57.865235
56,56,61,高配,BOSS,68.238519,491.317338,2140.454785,36.824781,36.858177,34.866055,38.77697
57,57,57,低配,普通,21.742703,43.485407,889.433103,3.678391,3.546699,3.579118,3.579118
57,57,57,标准,普通,45.351587,163.265713,1454.660607,1.763514,1.439781,1.439781,1.439781
57,57,57,高配,普通,70.139855,505.006954,2198.843087,1.140267,1.061024,0.45,1.23211
57,57,58,低配,精英,21.742703,43.485407,889.433103,18.557445,18.621291,17.376421,19.139986
57,57,58,标准,精英,45.351587,163.265713,1454.660607,8.787083,8.894067,8.368246,9.358027
57,57,58,高配,精英,70.139855,505.006954,2198.843087,5.748349,5.704803,4.595184,6.706882
57,57,60,低配,头目,21.742703,43.485407,889.433103,48.048629,47.960011,46.112158,50.261723
57,57,60,标准,头目,45.351587,163.265713,1454.660607,22.788621,22.952046,21.235395,24.204738
57,57,60,高配,头目,70.139855,505.006954,2198.843087,14.884999,15.126787,13.745873,16.092204
57,57,62,低配,BOSS,21.742703,43.485407,889.433103,119.095355,118.875426,115.928586,121.841716
57,57,62,标准,BOSS,45.351587,163.265713,1454.660607,56.301046,56.094236,52.908379,57.857283
57,57,62,高配,BOSS,70.139855,505.006954,2198.843087,36.887329,36.854785,34.862849,38.7734
58,58,58,低配,普通,22.341483,44.682965,913.414139,3.682087,3.543875,3.576288,3.576288
58,58,58,标准,普通,46.60035,167.76126,1493.855985,1.765293,1.439649,1.439649,1.439649
58,58,58,高配,普通,72.068789,518.895279,2258.05958,1.141455,1.060969,0.45,1.23204
58,58,59,低配,精英,22.341483,44.682965,913.414139,18.575001,18.61577,17.371123,19.134373
58,58,59,标准,精英,46.60035,167.76126,1493.855985,8.795432,8.892943,8.367192,9.356841
58,58,59,高配,精英,72.068789,518.895279,2258.05958,5.754001,5.704333,4.594813,6.706322
58,58,61,低配,头目,22.341483,44.682965,913.414139,48.120376,47.997862,46.10172,50.250543
58,58,61,标准,头目,46.60035,167.76126,1493.855985,22.822742,22.949053,21.23263,24.201577
58,58,61,高配,头目,72.068789,518.895279,2258.05958,14.907778,15.125473,13.744683,16.090804
58,58,63,低配,BOSS,22.341483,44.682965,913.414139,119.288059,119.062656,115.905661,122.854939
58,58,63,标准,BOSS,46.60035,167.76126,1493.855985,56.392373,56.164149,53.891049,57.849645
58,58,63,高配,BOSS,72.068789,518.895279,2258.05958,36.948384,37.010379,34.859769,38.76997
59,59,59,低配,普通,22.948896,45.897791,937.730562,3.685599,3.54108,3.573487,3.573487
59,59,59,标准,普通,47.86706,172.321418,1533.599538,1.766986,1.439523,1.439523,1.439523
59,59,59,高配,普通,74.025315,532.982268,2318.104263,1.142588,1.060916,0.45,1.231973
59,59,60,低配,精英,22.948896,45.897791,937.730562,18.591846,18.610385,17.365952,19.128898
59,59,60,标准,精英,47.86706,172.321418,1533.599538,8.803453,8.891864,8.36618,9.355703
59,59,60,高配,精英,74.025315,532.982268,2318.104263,5.759441,5.703881,4.594456,6.705783
59,59,62,低配,头目,22.948896,45.897791,937.730562,48.190045,47.987426,46.091611,50.23972
59,59,62,标准,头目,47.86706,172.321418,1533.599538,22.855902,22.961637,21.229973,24.19854
59,59,62,高配,头目,74.025315,532.982268,2318.104263,14.929938,15.124211,13.74354,16.089458
59,59,64,低配,BOSS,22.948896,45.897791,937.730562,119.475865,119.250653,115.883555,122.831638
59,59,64,标准,BOSS,47.86706,172.321418,1533.599538,56.481446,56.280715,53.884215,57.842305
59,59,64,高配,BOSS,74.025315,532.982268,2318.104263,37.007983,37.056107,34.856809,38.766673
60,60,60,低配,普通,23.564944,47.129887,962.382373,3.688935,3.538314,3.570716,3.570716
60,60,60,标准,普通,49.151716,176.946179,1573.891267,1.768596,1.439401,1.439401,1.439401
60,60,60,高配,普通,76.009427,547.267873,2378.977138,1.143668,1.060866,0.45,1.231908
60,60,61,低配,精英,23.564944,47.129887,962.382373,18.608006,18.605128,17.360901,19.123556
60,60,61,标准,精英,49.151716,176.946179,1573.891267,8.81116,8.890826,8.365207,9.354608
60,60,61,高配,精英,76.009427,547.267873,2378.977138,5.764678,5.703446,4.594114,6.705266
60,60,63,低配,头目,23.564944,47.129887,962.382373,48.257693,48.155526,46.081814,50.229238
60,60,63,标准,头目,49.151716,176.946179,1573.891267,22.888128,22.95887,21.227418,24.195621
60,60,63,高配,头目,76.009427,547.267873,2378.977138,14.951496,15.122997,13.74244,16.088165
60,60,65,低配,BOSS,23.564944,47.129887,962.382373,119.65889,119.504183,115.862226,122.809162
60,60,65,标准,BOSS,49.151716,176.946179,1573.891267,56.568319,56.335689,53.877646,57.83525
60,60,65,高配,BOSS,76.009427,547.267873,2378.977138,37.066162,37.101948,34.853962,38.763503
61,61,61,低配,普通,24.189628,48.379256,987.369573,3.692102,3.535575,3.567972,3.567972
61,61,61,标准,普通,50.454316,181.635537,1614.731173,1.770128,1.439284,1.439284,1.439284
61,61,61,高配,普通,78.021118,561.752049,2440.678206,1.144698,1.060817,0.45,1.231846
61,61,62,低配,精英,24.189628,48.379256,987.369573,18.623509,18.599995,17.355966,19.118341
61,61,62,标准,精英,50.454316,181.635537,1614.731173,8.818564,8.889828,8.364271,9.353555
61,61,62,高配,精英,78.021118,561.752049,2440.678206,5.769721,5.703028,4.593784,6.704768
61,61,64,低配,头目,24.189628,48.379256,987.369573,48.323375,48.145697,46.072314,50.219079
61,61,64,标准,头目,50.454316,181.635537,1614.731173,22.919446,23.048953,21.224961,24.192812
61,61,64,高配,头目,78.021118,561.752049,2440.678206,14.972469,15.170694,13.741382,16.08692
61,61,66,低配,BOSS,24.189628,48.379256,987.369573,119.837247,119.661196,116.567321,122.787468
61,61,66,标准,BOSS,50.454316,181.635537,1614.731173,56.653048,56.437283,53.871328,58.817747
61,61,66,高配,BOSS,78.021118,561.752049,2440.678206,37.122956,37.099031,34.851224,38.760454
62,62,62,低配,普通,24.822949,49.645899,1012.692161,3.695111,3.532865,3.565256,3.565256
62,62,62,标准,普通,51.774857,186.389484,1656.119255,1.771585,1.439171,1.439171,1.439171
62,62,62,高配,普通,80.060382,576.434748,2503.207465,1.14568,1.06077,0.45,1.231786
62,62,63,低配,精英,24.822949,49.645899,1012.692161,18.638378,18.594981,17.351142,19.113247
62,62,63,标准,精英,51.774857,186.389484,1656.119255,8.825678,8.888867,8.36337,9.352541
62,62,63,高配,精英,80.060382,576.434748,2503.207465,5.774576,5.702625,4.593466,6.704289
62,62,65,低配,头目,24.822949,49.645899,1012.692161,48.387144,48.249534,46.374058,50.209229
62,62,65,标准,头目,51.774857,186.389484,1656.119255,22.949882,23.030925,21.222596,24.19011
62,62,65,高配,头目,80.060382,576.434748,2503.207465,14.992873,15.169566,13.740364,16.085722
62,62,67,低配,BOSS,24.822949,49.645899,1012.692161,120.01105,119.81888,116.547324,122.76652
62,62,67,标准,BOSS,51.774857,186.389484,1656.119255,56.735684,56.415454,53.865247,58.811104
62,62,67,高配,BOSS,80.060382,576.434748,2503.207465,37.178397,37.255024,35.630375,39.539305
63,63,63,低配,普通,25.464909,50.929818,1038.350139,3.697966,3.530181,3.562568,3.562568
63,63,63,标准,普通,53.113337,191.208013,1698.055515,1.77297,1.439063,1.439063,1.439063
63,63,63,高配,普通,82.127211,591.315922,2566.564917,1.146616,1.060725,0.45,1.231728
63,63,64,低配,精英,25.464909,50.929818,1038.350139,18.652639,18.59008,17.346423,19.10827
63,63,64,标准,精英,53.113337,191.208013,1698.055515,8.832514,8.887942,8.362503,9.351566
63,63,64,高配,精英,82.127211,591.315922,2566.564917,5.779252,5.702238,4.593161,6.703827
63,63,66,低配,头目,25.464909,50.929818,1038.350139,48.449054,48.418395,46.365067,50.199673
63,63,66,标准,头目,53.113337,191.208013,1698.055515,22.979461,23.02845,21.22032,24.187508
63,63,66,高配,头目,82.127211,591.315922,2566.564917,15.012724,15.16848,13.739383,16.084568
63,63,68,低配,BOSS,25.464909,50.929818,1038.350139,120.180408,119.928623,116.528001,122.746281
63,63,68,标准,BOSS,53.113337,191.208013,1698.055515,56.81628,56.486592,53.859393,58.804708
63,63,68,高配,BOSS,82.127211,591.315922,2566.564917,37.23252,37.276737,35.627779,39.536421
64,64,64,低配,普通,26.115507,52.231014,1064.343505,3.700678,3.527525,3.559907,3.559907
64,64,64,标准,普通,54.469754,196.091114,1740.539951,1.774289,1.438958,1.438958,1.438958
64,64,64,高配,普通,84.221601,606.395525,2630.750562,1.147509,1.060682,0.45,1.231673
64,64,65,低配,精英,26.115507,52.231014,1064.343505,18.666314,18.585287,17.341808,19.103404
64,64,65,标准,精英,54.469754,196.091114,1740.539951,8.839081,8.871599,8.361667,9.350626
64,64,65,高配,精英,84.221601,606.395525,2630.750562,5.783754,5.701865,4.592866,6.703383
64,64,67,低配,头目,26.115507,52.231014,1064.343505,48.509157,48.409372,46.356336,50.190398
64,64,67,标准,头目,54.469754,196.091114,1740.539951,23.008207,23.010614,21.218127,24.185002
64,64,67,高配,头目,84.221601,606.395525,2630.750562,15.032037,15.167434,13.738439,16.083457
64,64,69,低配,BOSS,26.115507,52.231014,1064.343505,120.34543,120.05518,116.509319,122.726718
64,64,69,标准,BOSS,54.469754,196.091114,1740.539951,56.894887,56.480676,53.853755,58.798547
64,64,69,高配,BOSS,84.221601,606.395525,2630.750562,37.285355,37.335188,35.625279,39.533643
65,65,65,低配,普通,26.774745,53.549489,1090.672262,3.703251,3.525897,3.558275,3.558275
65,65,65,标准,普通,55.844105,201.038778,1783.572566,1.775543,2.195952,1.438858,2.427716
65,65,65,高配,普通,86.343543,621.673508,2695.764401,1.148361,1.06064,0.45,1.231619
65,65,66,低配,精英,26.774745,53.549489,1090.672262,18.679425,18.581602,17.338292,19.099648
65,65,66,标准,精英,55.844105,201.038778,1783.572566,8.845391,8.870742,8.360862,9.34972
65,65,66,高配,精英,86.343543,621.673508,2695.764401,5.78809,5.701505,4.592582,6.702954
65,65,68,低配,头目,26.774745,53.549489,1090.672262,48.567502,48.401611,46.348855,50.182394
65,65,68,标准,头目,55.844105,201.038778,1783.572566,23.036143,23.008319,21.216014,24.182587
65,65,68,高配,头目,86.343543,621.673508,2695.764401,15.050827,15.166426,13.737528,16.082386
65,65,70,低配,BOSS,26.774745,53.549489,1090.672262,120.50622,120.296651,116.492252,122.708801
65,65,70,标准,BOSS,55.844105,201.038778,1783.572566,56.971552,56.691288,53.848322,58.792611
65,65,70,高配,BOSS,86.343543,621.673508,2695.764401,37.336933,37.332661,35.622869,39.530965
66,66,66,低配,普通,27.442622,54.885244,1117.336408,3.705693,3.525492,3.557865,3.557865
66,66,66,标准,普通,57.236388,206.050996,1827.153358,1.776735,2.195781,1.438761,2.427522
66,66,66,高配,普通,88.493031,637.149826,2761.606433,1.149174,1.0606,0.45,1.231568
66,66,67,低配,精英,27.442622,54.885244,1117.336408,18.691996,18.579213,17.336067,19.097191
66,66,67,标准,精英,57.236388,206.050996,1827.153358,8.851453,8.869916,8.360086,9.348847
66,66,67,高配,精英,88.493031,637.149826,2761.606433,5.792266,5.701158,4.592309,6.702541
66,66,69,低配,头目,27.442622,54.885244,1117.336408,48.624138,48.589536,46.342808,50.175842
66,66,69,标准,头目,57.236388,206.050996,1827.153358,23.063292,23.083353,22.202738,24.180259
66,66,69,高配,头目,88.493031,637.149826,2761.606433,15.069109,15.165454,13.73665,16.081353
66,66,71,低配,BOSS,27.442622,54.885244,1117.336408,120.662884,120.523664,116.787751,123.72865
66,66,71,标准,BOSS,57.236388,206.050996,1827.153358,57.046325,56.685771,53.843084,58.786888
66,66,71,高配,BOSS,88.493031,637.149826,2761.606433,37.387286,37.391284,35.620545,39.528384
67,67,67,低配,普通,28.119139,56.238278,1144.335945,3.70801,3.525101,3.55747,3.55747
67,67,67,标准,普通,58.646599,211.127758,1871.282329,1.77787,2.195616,1.438667,2.427335
67,67,67,高配,普通,90.67006,652.82443,2828.276659,1.14995,1.060561,0.45,1.231518
67,67,68,低配,精英,28.119139,56.238278,1144.335945,18.704046,18.57691,17.333922,19.094821
67,67,68,标准,精英,58.646599,211.127758,1871.282329,8.857277,8.86912,8.359338,9.348005
67,67,68,高配,精英,90.67006,652.82443,2828.276659,5.796288,5.700823,4.592045,6.702143
67,67,70,低配,头目,28.119139,56.238278,1144.335945,48.679113,48.583419,46.336977,50.169524
67,67,70,标准,头目,58.646599,211.127758,1871.282329,23.089676,23.081211,22.20068,24.178014
67,67,70,高配,头目,90.67006,652.82443,2828.276659,15.086897,15.164516,13.735804,16.080357
67,67,72,低配,BOSS,28.119139,56.238278,1144.335945,120.815522,120.508408,116.77297,123.712987
67,67,72,标准,BOSS,58.646599,211.127758,1871.282329,57.119251,56.881273,53.838032,58.781368
67,67,72,高配,BOSS,90.67006,652.82443,2828.276659,37.436441,37.401142,35.618304,39.525893
68,68,68,低配,普通,28.804297,57.608593,1171.670873,3.710207,3.524724,3.557089,3.557089
68,68,68,标准,普通,60.074737,216.269052,1915.959479,1.778949,2.195456,1.438577,2.427154
68,68,68,高配,普通,92.874621,668.697273,2895.775079,1.15069,1.060523,0.45,1.23147
68,68,69,低配,精英,28.804297,57.608593,1171.670873,18.715596,18.574688,17.331852,19.092536
68,68,69,标准,精英,60.074737,216.269052,1915.959479,8.862874,9.069156,8.358616,10.33577
68,68,69,高配,精英,92.874621,668.697273,2895.775079,5.800163,5.7005,4.59179,6.701758
68,68,71,低配,头目,28.804297,57.608593,1171.670873,48.732475,48.577519,46.331352,50.163429
68,68,71,标准,头目,60.074737,216.269052,1915.959479,23.115317,23.079145,22.198694,24.175848
68,68,71,高配,头目,92.874621,668.697273,2895.775079,15.104203,15.188032,13.734987,16.079396
68,68,73,低配,BOSS,28.804297,57.608593,1171.670873,120.964233,120.6717,116.75871,123.697876
68,68,73,标准,BOSS,60.074737,216.269052,1915.959479,57.190377,56.860675,53.833157,58.776042
68,68,73,高配,BOSS,92.874621,668.697273,2895.775079,37.484429,37.496553,35.616141,39.52349
69,69,69,低配,普通,29.498094,58.996189,1199.341191,3.712292,3.52436,3.556722,3.556722
69,69,69,标准,普通,61.520797,221.474868,1961.184807,1.779976,2.195302,1.43849,2.42698
69,69,69,高配,普通,95.10671,684.768311,2964.101693,1.151397,1.060487,0.45,1.231423
69,69,70,低配,精英,29.498094,58.996189,1199.341191,18.726665,18.831436,17.329854,20.125904
69,69,70,标准,精英,61.520797,221.474868,1961.184807,8.86825,9.068396,8.357919,10.334899
69,69,70,高配,精英,95.10671,684.768311,2964.101693,5.803895,5.700188,4.591544,6.701387
69,69,72,低配,头目,29.498094,58.996189,1199.341191,48.784267,48.571824,46.325923,50.157546
69,69,72,标准,头目,61.520797,221.474868,1961.184807,23.140236,23.077151,22.196777,24.173757
69,69,72,高配,头目,95.10671,684.768311,2964.101693,15.121042,15.187157,13.734198,16.078468
69,69,74,低配,BOSS,29.498094,58.996189,1199.341191,121.109115,120.884006,116.744947,123.683292
69,69,74,标准,BOSS,61.520797,221.474868,1961.184807,57.259747,56.994709,53.828453,58.770902
69,69,74,高配,BOSS,95.10671,684.768311,2964.101693,37.531277,37.494353,35.614053,39.52117
70,70,70,低配,普通,30.200532,60.401065,1227.3469,3.714269,3.524009,3.556367,3.556367
70,70,70,标准,普通,62.984777,226.745196,2006.958314,1.780953,2.195154,1.438406,2.426811
70,70,70,高配,普通,97.366319,701.037495,3033.256502,1.152071,1.060452,0.45,1.231379
70,70,71,低配,精英,30.200532,60.401065,1227.3469,18.737272,18.829336,17.327926,20.123656
70,70,71,标准,精英,62.984777,226.745196,2006.958314,8.873416,9.067662,8.357246,10.334057
70,70,71,高配,精英,97.366319,701.037495,3033.256502,5.80749,5.699887,4.591307,6.701029
70,70,73,低配,头目,30.200532,60.401065,1227.3469,48.834535,48.776652,46.320681,50.151867
70,70,73,标准,头目,62.984777,226.745196,2006.958314,23.164453,23.075225,22.194926,24.171738
70,70,73,高配,头目,97.366319,701.037495,3033.256502,15.137426,15.186312,13.733436,16.077572
70,70,75,低配,BOSS,30.200532,60.401065,1227.3469,121.250262,120.934962,116.731659,123.669211
70,70,75,标准,BOSS,62.984777,226.745196,2006.958314,57.327404,57.051672,54.812315,58.765938
70,70,75,高配,BOSS,97.366319,701.037495,3033.256502,37.577012,37.663155,35.612037,39.51893
71,71,71,低配,普通,30.91161,61.823221,1255.688,3.716143,3.523669,3.556024,3.556024
71,71,71,标准,普通,64.466673,232.080023,2053.28,1.781882,2.19501,1.438324,2.426649
71,71,71,高配,普通,99.653442,717.504782,3103.239506,1.152715,1.060418,0.45,1.231335
71,71,72,低配,精英,30.91161,61.823221,1255.688,18.747435,18.827308,17.326063,20.121484
71,71,72,标准,精英,64.466673,232.080023,2053.28,8.87838,9.066954,8.356596,10.333245
71,71,72,高配,精英,99.653442,717.504782,3103.239506,5.810954,5.699597,4.591077,6.700682
71,71,74,低配,头目,30.91161,61.823221,1255.688,48.883321,48.771318,46.315618,50.146381
71,71,74,标准,头目,64.466673,232.080023,2053.28,23.187988,23.073365,22.193138,24.169787
71,71,74,高配,头目,99.653442,717.504782,3103.239506,15.153368,15.185495,13.7327,16.076706
71,71,76,低配,BOSS,30.91161,61.823221,1255.688,121.387768,121.099612,117.443563,123.655611
71,71,76,标准,BOSS,64.466673,232.080023,2053.28,57.393391,57.139673,54.807845,59.749467
71,71,76,高配,BOSS,99.653442,717.504782,3103.239506,37.62166,37.661094,35.610088,39.516765
72,72,72,低配,普通,31.631328,63.262656,1284.364492,3.71792,3.523342,3.555693,3.555693
72,72,72,标准,普通,65.966483,237.479338,2100.149866,1.782765,2.194872,1.438246,2.426492
72,72,72,高配,普通,101.968073,734.170125,3174.050705,1.153329,1.060386,0.45,1.231293
72,72,73,低配,精英,31.631328,63.262656,1284.364492,18.757171,18.825347,17.324263,20.119386
72,72,73,标准,精英,65.966483,237.479338,2100.149866,8.883149,9.066269,8.355967,10.332459
72,72,73,高配,精英,101.968073,734.170125,3174.050705,5.814292,5.699315,4.590855,6.700348
72,72,75,低配,头目,31.631328,63.262656,1284.364492,48.930668,48.766164,46.310726,50.14108
72,72,75,标准,头目,65.966483,237.479338,2100.149866,23.21086,23.071567,22.19141,24.167902
72,72,75,高配,头目,101.968073,734.170125,3174.050705,15.168879,15.184706,13.731989,16.075869
72,72,77,低配,BOSS,31.631328,63.262656,1284.364492,121.521723,121.345551,117.741654,124.6777
72,72,77,标准,BOSS,65.966483,237.479338,2100.149866,57.457748,57.212375,54.803525,59.744755
72,72,77,高配,BOSS,101.968073,734.170125,3174.050705,37.665249,37.720139,35.608206,39.514673
73,73,73,低配,普通,32.359685,64.719371,1313.376375,3.719604,3.523025,3.555372,3.555372
73,73,73,标准,普通,67.484203,242.94313,2147.567911,1.783606,2.194738,1.43817,2.42634
73,73,73,高配,普通,104.310206,751.033481,3245.690099,1.153916,1.060354,0.45,1.231253
73,73,74,低配,精英,32.359685,64.719371,1313.376375,18.766497,18.823453,17.322523,20.117358
73,73,74,标准,精英,67.484203,242.94313,2147.567911,8.88773,9.065607,8.35536,10.3317
73,73,74,高配,精英,104.310206,751.033481,3245.690099,5.817508,5.699044,4.590641,6.700024
73,73,76,低配,头目,32.359685,64.719371,1313.376375,48.976616,48.761182,46.305997,50.135956
73,73,76,标准,头目,67.484203,242.94313,2147.567911,23.233088,23.270551,22.18974,24.16608
73,73,76,高配,头目,104.310206,751.033481,3245.690099,15.183972,15.183943,13.731301,16.07506
73,73,78,低配,BOSS,32.359685,64.719371,1313.376375,121.652216,121.381606,117.729559,124.66489
73,73,78,标准,BOSS,67.484203,242.94313,2147.567911,57.520517,57.223454,54.799349,59.740199
73,73,78,高配,BOSS,104.310206,751.033481,3245.690099,37.707802,37.71821,35.606385,39.51265
74,74,74,低配,普通,33.096682,66.193364,1342.72365,3.721199,3.522718,3.555063,3.555063
74,74,74,标准,普通,69.01983,248.471387,2195.534136,1.784405,2.194608,1.438097,2.426193
74,74,74,高配,普通,106.679834,768.094806,3318.157689,1.154476,1.060323,0.45,1.231214
74,74,75,低配,精英,33.096682,66.193364,1342.72365,18.775429,18.82162,17.32084,20.115396
74,74,75,标准,精英,69.01983,248.471387,2195.534136,8.892133,9.064967,8.354772,10.330966
74,74,75,高配,精英,106.679834,768.094806,3318.157689,5.820607,5.698781,4.590434,6.699711
74,74,77,低配,头目,33.096682,66.193364,1342.72365,49.021205,48.918086,46.301424,50.131001
74,74,77,标准,头目,69.01983,248.471387,2195.534136,23.25469,23.268855,22.188124,24.164317
74,74,77,高配,头目,106.679834,768.094806,3318.157689,15.198658,15.183205,13.730636,16.074277
74,74,79,低配,BOSS,33.096682,66.193364,1342.72365,121.779333,121.547441,117.717864,124.652503
74,74,79,标准,BOSS,69.01983,248.471387,2195.534136,57.581735,57.219235,54.795311,59.735794
74,74,79,高配,BOSS,106.679834,768.094806,3318.157689,37.749345,37.838408,35.604624,40.291907
75,75,75,低配,普通,33.842317,67.684633,1372.406318,3.722711,3.522422,3.554763,3.554763
75,75,75,标准,普通,70.57336,254.064097,2244.048542,1.785166,2.194483,1.438026,2.426051
75,75,75,高配,普通,109.076952,785.354057,3391.453474,1.155012,1.060294,0.45,1.231176
75,75,76,低配,精英,33.842317,67.684633,1372.406318,18.783982,18.819848,17.319212,20.113499
75,75,76,标准,精英,70.57336,254.064097,2244.048542,8.896362,9.064348,8.354204,10.330255
75,75,76,高配,精英,109.076952,785.354057,3391.453474,5.823593,5.698526,4.590233,6.699408
75,75,78,低配,头目,33.842317,67.684633,1372.406318,49.064474,48.945752,47.021445,50.126208
75,75,78,标准,头目,70.57336,254.064097,2244.048542,23.275683,23.267214,22.186561,24.162613
75,75,78,高配,头目,109.076952,785.354057,3391.453474,15.212948,15.182491,13.729992,16.07352
75,75,80,低配,BOSS,33.842317,67.684633,1372.406318,121.90316,121.665123,117.70655,124.640521
75,75,80,标准,BOSS,70.57336,254.064097,2244.048542,57.641443,57.292343,54.791404,59.731531
75,75,80,高配,BOSS,109.076952,785.354057,3391.453474,37.789901,37.836596,35.602921,40.289977
76,76,76,低配,普通,34.59659,69.193179,1402.424377,3.724142,3.522135,3.554473,3.554473
76,76,76,标准,普通,72.144791,259.721247,2293.111127,1.785889,2.194361,1.437957,2.425914
76,76,76,高配,普通,111.501554,802.81119,3465.577454,1.155523,1.060265,0.45,1.231139
76,76,77,低配,精英,34.59659,69.193179,1402.424377,18.792172,18.818133,17.317637,20.111663
76,76,77,标准,精英,72.144791,259.721247,2293.111127,8.900426,9.063748,8.353654,10.329568
76,76,77,高配,精英,111.501554,802.81119,3465.577454,5.826472,5.69828,4.590039,6.699115
76,76,79,低配,头目,34.59659,69.193179,1402.424377,49.106461,48.941224,47.017097,50.12157
76,76,79,标准,头目,72.144791,259.721247,2293.111127,23.296085,23.265627,22.185049,24.160963
76,76,79,高配,头目,111.501554,802.81119,3465.577454,15.226853,15.230621,14.510509,16.072787
76,76,81,低配,BOSS,34.59659,69.193179,1402.424377,122.02378,121.831667,117.695603,124.628926
76,76,81,标准,BOSS,72.144791,259.721247,2293.111127,57.699675,57.288388,54.787622,59.727406
76,76,81,高配,BOSS,111.501554,802.81119,3465.577454,37.829495,37.834842,35.601272,40.288108
77,77,77,低配,普通,35.3595,70.719,1432.777829,3.725497,3.521857,3.554193,3.554193
77,77,77,标准,普通,73.734119,265.442827,2342.721893,1.786578,2.194244,1.43789,2.42578
77,77,77,高配,普通,113.953634,820.466166,3540.529631,1.156012,1.060237,0.45,1.231104
77,77,78,低配,精英,35.3595,70.719,1432.777829,18.800012,18.816473,17.316113,20.109886
77,77,78,标准,精英,73.734119,265.442827,2342.721893,8.90433,9.063168,8.353122,10.328902
77,77,78,高配,精英,113.953634,820.466166,3540.529631,5.829246,5.698042,4.589851,6.698831
77,77,80,低配,头目,35.3595,70.719,1432.777829,49.147202,48.936841,47.012888,50.117081
77,77,80,标准,头目,73.734119,265.442827,2342.721893,23.315912,23.26409,22.183585,24.159365
77,77,80,高配,头目,113.953634,820.466166,3540.529631,15.240383,15.22995,14.50987,16.072078
77,77,82,低配,BOSS,35.3595,70.719,1432.777829,122.141272,121.99854,117.685005,124.617702
77,77,82,标准,BOSS,73.734119,265.442827,2342.721893,57.756471,57.469788,54.783962,59.723413
77,77,82,高配,BOSS,113.953634,820.466166,3540.529631,37.868149,37.918577,36.380779,40.286298
78,78,78,低配,普通,36.131047,72.262094,1463.466673,3.72678,3.521588,3.553921,3.553921
78,78,78,标准,普通,75.34134,271.228823,2392.880839,1.787232,2.19413,1.437826,2.425652
78,78,78,高配,普通,116.433186,838.318941,3616.310004,1.156478,1.060211,0.45,1.23107
78,78,79,低配,精英,36.131047,72.262094,1463.466673,18.807518,18.814865,17.314637,20.108165
78,78,79,标准,精英,75.34134,271.228823,2392.880839,8.908081,9.062606,8.352606,10.328258
78,78,79,高配,精英,116.433186,838.318941,3616.310004,5.83192,5.697811,4.589668,6.698556
78,78,81,低配,头目,36.131047,72.262094,1463.466673,49.186732,49.094259,47.008813,51.147374
78,78,81,标准,头目,75.34134,271.228823,2392.880839,23.335181,23.262601,22.182167,24.157818
78,78,81,高配,头目,116.433186,838.318941,3616.310004,15.253548,15.2293,14.509251,16.071391
78,78,83,低配,BOSS,36.131047,72.262094,1463.466673,122.255717,122.133397,118.398992,125.641474
78,78,83,标准,BOSS,75.34134,271.228823,2392.880839,57.811864,57.466068,54.780417,59.719546
78,78,83,高配,BOSS,116.433186,838.318941,3616.310004,37.905885,37.916929,36.379198,40.284546
79,79,79,低配,普通,36.91123,73.82246,1494.490909,3.727994,3.521328,3.553658,3.553658
79,79,79,标准,普通,76.966451,277.079224,2443.587965,1.787855,2.19402,1.437763,2.425527
79,79,79,高配,普通,118.940205,856.369477,3692.918573,1.156925,1.060185,0.45,1.231036
79,79,80,低配,精英,36.91123,73.82246,1494.490909,18.8147,18.813308,17.313206,20.106498
79,79,80,标准,精英,76.966451,277.079224,2443.587965,8.911686,9.062061,8.352107,10.327633
79,79,80,高配,精英,118.940205,856.369477,3692.918573,5.834497,5.697587,4.589492,6.69829
79,79,82,低配,头目,36.91123,73.82246,1494.490909,49.225088,49.090134,47.004864,51.143075
79,79,82,标准,头目,76.966451,277.079224,2443.587965,23.353907,23.261159,22.180793,24.15632
79,79,82,高配,头目,118.940205,856.369477,3692.918573,15.266359,15.22867,14.508652,16.070725
79,79,84,低配,BOSS,36.91123,73.82246,1494.490909,122.36719,122.268562,118.38899,125.630858
79,79,84,标准,BOSS,76.966451,277.079224,2443.587965,57.865889,57.462464,54.776983,59.715799
79,79,84,高配,BOSS,118.940205,856.369477,3692.918573,37.942726,37.988554,36.377667,40.282848
80,80,80,低配,普通,37.700048,75.400096,1525.850539,3.729142,3.521075,3.553403,3.553403
80,80,80,标准,普通,78.609449,282.994018,2494.843273,1.788447,2.193913,1.437703,2.425406
80,80,80,高配,普通,121.474685,874.617732,3770.355338,1.157351,1.060159,0.45,1.231004
80,80,81,低配,精英,37.700048,75.400096,1525.850539,18.821574,18.811799,17.311821,20.104883
80,80,81,标准,精英,78.609449,282.994018,2494.843273,8.915149,9.061534,8.351622,10.327028
80,80,81,高配,精英,121.474685,874.617732,3770.355338,5.836982,5.69737,4.589321,6.698032
80,80,83,低配,头目,37.700048,75.400096,1525.850539,49.262302,49.086138,47.001039,51.138909
80,80,83,标准,头目,78.609449,282.994018,2494.843273,23.372106,23.568419,22.179462,24.154867
80,80,83,高配,头目,121.474685,874.617732,3770.355338,15.278825,15.228059,14.508071,16.070079
80,80,85,低配,BOSS,37.700048,75.400096,1525.850539,122.475769,122.290879,118.379299,125.620571
80,80,85,标准,BOSS,78.609449,282.994018,2494.843273,57.91858,57.567001,54.773654,59.712169
80,80,85,高配,BOSS,121.474685,874.617732,3770.355338,37.978692,37.987003,36.376183,40.281202
81,81,81,低配,普通,38.4975,76.995001,1557.545561,3.730229,3.520831,3.553155,3.553155
81,81,81,标准,普通,80.270331,288.973193,2546.646761,1.789011,2.193809,1.437644,2.425288
81,81,81,高配,普通,124.036621,893.06367,3848.6203,1.157759,1.060135,0.45,1.230973
81,81,82,低配,精英,38.4975,76.995001,1557.545561,18.82815,18.794174,17.310478,20.103317
81,81,82,标准,精英,80.270331,288.973193,2546.646761,8.918476,9.061022,8.351153,10.326442
81,81,82,高配,精英,124.036621,893.06367,3848.6203,5.839377,5.69716,4.589155,6.697782
81,81,84,低配,头目,38.4975,76.995001,1557.545561,49.298407,49.179237,47.307646,51.134871
81,81,84,标准,头目,80.270331,288.973193,2546.646761,23.389792,23.567046,22.178171,24.15346
81,81,84,高配,头目,124.036621,893.06367,3848.6203,15.290956,15.227468,14.507508,16.069454
81,81,86,低配,BOSS,38.4975,76.995001,1557.545561,122.581525,122.442796,118.369905,125.610601
81,81,86,标准,BOSS,80.270331,288.973193,2546.646761,57.969971,57.563609,54.770428,59.708649
81,81,86,高配,BOSS,124.036621,893.06367,3848.6203,38.013804,38.095324,36.374744,40.279607
82,82,82,低配,普通,39.303586,78.607172,1589.575977,3.731255,3.520594,3.552916,3.552916
82,82,82,标准,普通,81.949093,295.016736,2598.998431,1.789547,2.193709,1.437587,2.425175
82,82,82,高配,普通,126.626007,911.707251,3927.713458,1.158148,1.060111,0.45,1.230942
82,82,83,低配,精英,39.303586,78.607172,1589.575977,18.834441,18.792757,17.309175,20.101799
82,82,83,标准,精英,81.949093,295.016736,2598.998431,8.921672,9.060527,8.350698,10.325873
82,82,83,高配,精英,126.626007,911.707251,3927.713458,5.841687,5.696956,4.588994,6.697539
82,82,85,低配,头目,39.303586,78.607172,1589.575977,49.333435,49.256278,47.304027,51.130956
82,82,85,标准,头目,81.949093,295.016736,2598.998431,23.406979,23.565715,22.17692,24.152095
82,82,85,高配,头目,126.626007,911.707251,3927.713458,15.30276,15.226894,14.506962,16.068847
82,82,87,低配,BOSS,39.303586,78.607172,1589.575977,122.68453,122.562661,118.360796,125.600933
82,82,87,标准,BOSS,81.949093,295.016736,2598.998431,58.020092,57.668338,54.7673,59.705236
82,82,87,高配,BOSS,126.626007,911.707251,3927.713458,38.048083,38.093862,36.373348,40.27806
83,83,83,低配,普通,40.118304,80.236609,1621.941785,3.732226,3.520364,3.552683,3.552683
83,83,83,标准,普通,83.645732,301.124637,2651.898281,1.790056,2.193611,1.437532,2.425064
83,83,83,高配,普通,129.242839,930.548438,4007.634814,1.158521,1.060088,0.45,1.230913
83,83,84,低配,精英,40.118304,80.236609,1621.941785,18.840458,18.839862,17.307912,20.100327
83,83,84,标准,精英,83.645732,301.124637,2651.898281,8.924743,9.060046,8.350257,10.325321
83,83,84,高配,精英,129.242839,930.548438,4007.634814,5.843914,5.696759,4.588839,6.697303
83,83,86,低配,头目,40.118304,80.236609,1621.941785,49.367418,49.252622,47.300517,51.127159
83,83,86,标准,头目,83.645732,301.124637,2651.898281,23.423683,23.564423,22.175706,24.15077
83,83,86,高配,头目,129.242839,930.548438,4007.634814,15.314246,15.409363,14.506433,16.068259
83,83,88,低配,BOSS,40.118304,80.236609,1621.941785,122.784856,122.553513,118.351962,125.591557
83,83,88,标准,BOSS,83.645732,301.124637,2651.898281,58.068976,57.711432,54.764266,59.701926
83,83,88,高配,BOSS,129.242839,930.548438,4007.634814,38.081548,38.092444,36.371995,40.276559
84,84,84,低配,普通,40.941654,81.883308,1654.642987,3.733143,3.52014,3.552458,3.552458
84,84,84,标准,普通,85.360245,307.296882,2705.346313,1.790541,2.193517,1.437479,2.424957
84,84,84,高配,普通,131.88711,949.587195,4088.384365,1.158878,1.060066,0.45,1.230884
84,84,85,低配,精英,40.941654,81.883308,1654.642987,18.846212,18.838525,17.306687,20.098899
84,84,85,标准,精英,85.360245,307.296882,2705.346313,8.927694,9.059579,8.349829,10.324786
84,84,85,高配,精英,131.88711,949.587195,4088.384365,5.846062,5.696567,4.588687,6.697075
84,84,87,低配,头目,40.941654,81.883308,1654.642987,49.400385,49.249074,47.297111,51.123475
84,84,87,标准,头目,85.360245,307.296882,2705.346313,23.439916,23.56317,22.174529,24.149486
84,84,87,高配,头目,131.88711,949.587195,4088.384365,15.325424,15.408816,14.505919,16.067688
84,84,89,低配,BOSS,40.941654,81.883308,1654.642987,122.882569,122.62543,118.343392,125.58246
84,84,89,标准,BOSS,85.360245,307.296882,2705.346313,58.116654,57.708328,54.761322,59.698714
84,84,89,高配,BOSS,131.88711,949.587195,4088.384365,38.114218,38.176476,36.370681,40.275103
85,85,85,低配,普通,41.773634,83.547269,1687.679582,3.734009,3.519924,3.552239,3.552239
85,85,85,标准,普通,87.092628,313.533461,2759.342526,1.791003,2.193425,1.437427,2.424853
85,85,85,高配,普通,134.558817,968.823485,4169.962114,1.159219,1.060044,0.45,1.230857
85,85,86,低配,精英,41.773634,83.547269,1687.679582,18.851714,18.837228,17.305497,20.097512
85,85,86,标准,精英,87.092628,313.533461,2759.342526,8.930529,9.059126,8.349413,10.324266
85,85,86,高配,精英,134.558817,968.823485,4169.962114,5.848133,5.696381,4.58854,6.696853
85,85,88,低配,头目,41.773634,83.547269,1687.679582,49.432366,49.245631,47.293806,51.1199
85,85,88,标准,头目,87.092628,313.533461,2759.342526,23.455692,23.561954,22.173386,24.148239
85,85,88,高配,头目,134.558817,968.823485,4169.962114,15.336301,15.408285,14.50542,16.067133
85,85,90,低配,BOSS,41.773634,83.547269,1687.679582,122.977736,122.61681,118.335074,125.573632
85,85,90,标准,BOSS,87.092628,313.533461,2759.342526,58.163154,57.813315,54.758464,60.683024
85,85,90,高配,BOSS,134.558817,968.823485,4169.962114,38.146114,38.175137,36.369406,40.27369
86,86,86,低配,普通,42.614244,85.228488,1721.05157,3.734827,3.519714,3.552026,3.552026
86,86,86,标准,普通,88.842878,319.834362,2813.88692,1.791441,2.193336,1.437376,2.424752
86,86,86,高配,普通,137.257955,988.257274,4252.36806,1.159545,1.060023,0.45,1.23083
86,86,87,低配,精英,42.614244,85.228488,1721.05157,18.856973,18.835968,17.304343,20.096167
86,86,87,标准,精英,88.842878,319.834362,2813.88692,8.933253,9.058686,8.349009,10.323762
86,86,87,高配,精英,137.257955,988.257274,4252.36806,5.85013,5.6962,4.588398,6.696638
86,86,89,低配,头目,42.614244,85.228488,1721.05157,49.463389,49.403853,47.290597,51.11643
86,86,89,标准,头目,88.842878,319.834362,2813.88692,23.471024,23.776762,22.172276,25.134405
86,86,89,高配,头目,137.257955,988.257274,4252.36806,15.346886,15.40777,14.504936,16.066595
86,86,91,低配,BOSS,42.614244,85.228488,1721.05157,123.070423,122.899258,118.327,126.59907
86,86,91,标准,BOSS,88.842878,319.834362,2813.88692,58.208505,57.841241,55.051903,60.679947
86,86,91,高配,BOSS,137.257955,988.257274,4252.36806,38.177252,38.308042,36.368169,40.272317
87,87,87,低配,普通,43.463482,86.926964,1754.758952,3.735598,3.519509,3.55182,3.55182
87,87,87,标准,普通,90.610992,326.199572,2868.979496,1.791859,2.19325,1.437327,2.424654
87,87,87,高配,普通,139.984518,1007.888528,4335.602203,1.159858,1.060003,0.45,1.230804
87,87,88,低配,精英,43.463482,86.926964,1754.758952,18.862,18.834746,17.303222,20.09486
87,87,88,标准,精英,90.610992,326.199572,2868.979496,8.935871,9.058259,8.348618,10.323272
87,87,88,高配,精英,139.984518,1007.888528,4335.602203,5.852057,5.696024,4.588259,6.696429
87,87,90,低配,头目,43.463482,86.926964,1754.758952,49.493483,49.400597,47.287482,51.11306
87,87,90,标准,头目,90.610992,326.199572,2868.979496,23.485924,23.775605,22.171198,25.13318
87,87,90,高配,头目,139.984518,1007.888528,4335.602203,15.357187,15.407269,14.504465,16.066072
87,87,92,低配,BOSS,43.463482,86.926964,1754.758952,123.160693,122.939579,118.31916,126.59068
87,87,92,标准,BOSS,90.610992,326.199572,2868.979496,58.252738,57.853821,55.049194,60.676959
87,87,92,高配,BOSS,139.984518,1007.888528,4335.602203,38.207651,38.306775,36.366966,40.270985
88,88,88,低配,普通,44.321347,88.642695,1788.801728,3.736326,3.519311,3.55162,3.55162
88,88,88,标准,普通,92.396967,332.629082,2924.620254,1.792256,2.193166,1.43728,2.424559
88,88,88,高配,普通,142.738502,1027.717212,4419.664543,1.160157,1.059983,0.45,1.230778
88,88,89,低配,精英,44.321347,88.642695,1788.801728,18.866804,18.833558,17.302133,20.093591
88,88,89,标准,精英,92.396967,332.629082,2924.620254,8.938385,9.057844,8.348237,10.322796
88,88,89,高配,精英,142.738502,1027.717212,4419.664543,5.853915,5.695854,4.588125,6.696226
88,88,91,低配,头目,44.321347,88.642695,1788.801728,49.522674,49.397434,47.284456,51.109787
88,88,91,标准,头目,92.396967,332.629082,2924.620254,23.500404,23.774481,22.170152,25.131991
88,88,91,高配,头目,142.738502,1027.717212,4419.664543,15.367211,15.406783,14.504008,16.065565
88,88,93,低配,BOSS,44.321347,88.642695,1788.801728,123.248607,123.109362,119.345418,126.58253
88,88,93,标准,BOSS,92.396967,332.629082,2924.620254,58.295878,57.851054,55.046563,60.674057
88,88,93,高配,BOSS,142.738502,1027.717212,4419.664543,38.237329,38.342144,36.365799,40.26969
89,89,89,低配,普通,45.187839,90.375678,1823.179897,3.737012,3.519118,3.551425,3.551425
89,89,89,标准,普通,94.2008,339.122878,2980.809193,1.792634,2.193084,1.437233,2.424467
89,89,89,高配,普通,145.519902,1047.743295,4504.555081,1.160443,1.059964,0.45,1.230754
89,89,90,低配,精英,45.187839,90.375678,1823.179897,18.871393,18.832404,17.301075,20.092358
89,89,90,标准,精英,94.2008,339.122878,2980.809193,8.940801,9.057441,8.347867,10.322334
89,89,90,高配,精英,145.519902,1047.743295,4504.555081,5.855708,5.695688,4.587994,6.696029
89,89,92,低配,头目,45.187839,90.375678,1823.179897,49.550989,49.394361,47.281516,51.106606
89,89,92,标准,头目,94.2008,339.122878,2980.809193,23.514476,23.773389,22.169135,25.130835
89,89,92,高配,头目,145.519902,1047.743295,4504.555081,15.376966,15.40631,14.503564,16.065071
89,89,94,低配,BOSS,45.187839,90.375678,1823.179897,123.334226,123.247041,119.337954,126.574612
89,89,94,标准,BOSS,94.2008,339.122878,2980.809193,58.337953,58.002622,55.044007,60.671237
89,89,94,高配,BOSS,145.519902,1047.743295,4504.555081,38.266302,38.340946,36.364664,40.268432
90,90,90,低配,普通,46.062956,92.125911,1857.893461,3.737659,3.518931,3.551236,3.551236
90,90,90,标准,普通,96.022486,345.680951,3037.546315,1.792993,2.193005,1.437188,2.424377
90,90,90,高配,普通,148.328714,1067.966743,4590.273816,1.160717,1.059945,0.45,1.23073
90,90,91,低配,精英,46.062956,92.125911,1857.893461,18.875776,18.831282,17.300047,20.091159
90,90,91,标准,精英,96.022486,345.680951,3037.546315,8.943122,9.057049,8.347508,10.321885
90,90,91,高配,精英,148.328714,1067.966743,4590.273816,5.857438,5.695527,4.587867,6.695837
90,90,93,低配,头目,46.062956,92.125911,1857.893461,49.578452,49.391375,47.278658,51.103516
90,90,93,标准,头目,96.022486,345.680951,3037.546315,23.528152,23.772328,22.168146,25.129712
90,90,93,高配,头目,148.328714,1067.966743,4590.273816,15.386458,15.576636,14.503133,16.064592
90,90,95,低配,BOSS,46.062956,92.125911,1857.893461,123.417609,123.239549,119.3307,126.566917
90,90,95,标准,BOSS,96.022486,345.680951,3037.546315,58.378989,58.000003,55.041522,60.668497
90,90,95,高配,BOSS,148.328714,1067.966743,4590.273816,38.294588,38.400777,36.363561,40.267209
91,91,91,低配,普通,46.946696,93.893393,1892.942418,3.738268,3.518749,3.551052,3.551052
91,91,91,标准,普通,97.862025,352.303289,3094.831618,1.793335,2.192928,1.437145,2.42429
91,91,91,高配,普通,151.164934,1088.387526,4676.820748,1.160979,1.059927,0.45,1.230706
91,91,92,低配,精英,46.946696,93.893393,1892.942418,18.879962,18.830192,17.299048,20.089994
91,91,92,标准,精英,97.862025,352.303289,3094.831618,8.945353,9.056669,8.347158,10.321448
91,91,92,高配,精英,151.164934,1088.387526,4676.820748,5.859106,5.69537,4.587743,6.69565
91,91,94,低配,头目,46.946696,93.893393,1892.942418,49.605089,49.388472,47.275881,51.100511
91,91,94,标准,头目,97.862025,352.303289,3094.831618,23.541442,23.755872,22.167185,25.12862
91,91,94,高配,头目,151.164934,1088.387526,4676.820748,15.395697,15.576184,14.502713,16.064126
91,91,96,低配,BOSS,46.946696,93.893393,1892.942418,123.498812,123.345326,119.323649,126.559437
91,91,96,标准,BOSS,97.862025,352.303289,3094.831618,58.419012,57.997456,55.039107,60.665832
91,91,96,高配,BOSS,151.164934,1088.387526,4676.820748,38.322202,38.387446,36.362489,40.26602
92,92,92,低配,普通,47.83906,95.678119,1928.326769,3.738842,3.518572,3.550873,3.550873
92,92,92,标准,普通,99.719412,358.989882,3152.665103,1.79366,2.192853,1.437102,2.424205
92,92,92,高配,普通,154.028557,1109.005614,4764.195878,1.161231,1.059909,0.45,1.230684
92,92,93,低配,精英,47.83906,95.678119,1928.326769,18.883959,18.829132,17.298076,20.088862
92,92,93,标准,精英,99.719412,358.989882,3152.665103,8.947495,9.056298,8.346819,10.321023
92,92,93,高配,精英,154.028557,1109.005614,4764.195878,5.860717,5.695218,4.587623,6.695469
92,92,95,低配,头目,47.83906,95.678119,1928.326769,49.630924,49.563304,47.27318,51.09759
92,92,95,标准,头目,99.719412,358.989882,3152.665103,23.554359,23.754869,22.166251,25.127558
92,92,95,高配,头目,154.028557,1109.005614,4764.195878,15.404687,15.575745,14.502305,16.063672
92,92,97,低配,BOSS,47.83906,95.678119,1928.326769,123.577892,123.402839,119.316793,126.552163
92,92,97,标准,BOSS,99.719412,358.989882,3152.665103,58.458046,58.025827,55.036758,60.663241
92,92,97,高配,BOSS,154.028557,1109.005614,4764.195878,38.349162,38.386344,36.361446,40.264864
93,93,93,低配,普通,48.740045,97.480089,1964.046514,3.739382,3.5184,3.550699,3.550699
93,93,93,标准,普通,101.594644,365.740717,3211.04677,1.793969,2.19278,1.437061,2.424122
93,93,93,高配,普通,156.91958,1129.820975,4852.399206,1.161472,1.059892,0.45,1.230662
93,93,94,低配,精英,48.740045,97.480089,1964.046514,18.887774,18.828101,17.297131,20.08776
93,93,94,标准,精英,101.594644,365.740717,3211.04677,8.949554,9.055938,8.346488,10.32061
93,93,94,高配,精英,156.91958,1129.820975,4852.399206,5.862271,5.69507,4.587506,6.695292
93,93,96,低配,头目,48.740045,97.480089,1964.046514,49.65598,49.560549,47.270554,51.094749
93,93,96,标准,头目,101.594644,365.740717,3211.04677,23.566911,23.800162,22.165342,25.126525
93,93,96,高配,头目,156.91958,1129.820975,4852.399206,15.413437,15.575318,14.501908,16.063231
93,93,98,低配,BOSS,48.740045,97.480089,1964.046514,123.654904,123.428241,119.310125,126.545089
93,93,98,标准,BOSS,101.594644,365.740717,3211.04677,58.496117,58.023418,55.034474,60.660721
93,93,98,高配,BOSS,156.91958,1129.820975,4852.399206,38.375481,38.385273,36.360432,40.263739
94,94,94,低配,普通,49.64965,99.2993,2000.101653,3.739889,3.518233,3.55053,3.55053
94,94,94,标准,普通,103.487718,372.555786,3269.976619,1.794263,2.192709,1.437021,2.424042
94,94,94,高配,普通,159.837997,1150.833582,4941.430731,1.161702,1.059875,0.45,1.23064
94,94,95,低配,精英,49.64965,99.2993,2000.101653,18.891415,18.827098,17.296211,20.086688
94,94,95,标准,精英,103.487718,372.555786,3269.976619,8.951532,9.055588,8.346167,10.320208
94,94,95,高配,精英,159.837997,1150.833582,4941.430731,5.86377,5.694926,4.587393,6.695121
94,94,97,低配,头目,49.64965,99.2993,2000.101653,49.68028,49.557869,47.267998,51.091985
94,94,97,标准,头目,103.487718,372.555786,3269.976619,23.57911,23.799211,22.164458,25.12552
94,94,97,高配,头目,159.837997,1150.833582,4941.430731,15.421951,15.574902,14.501522,16.062802
94,94,99,低配,BOSS,49.64965,99.2993,2000.101653,123.729899,123.469975,119.303638,126.538208
94,94,99,标准,BOSS,103.487718,372.555786,3269.976619,58.533248,58.021074,55.032251,60.65827
94,94,99,高配,BOSS,159.837997,1150.833582,4941.430731,38.401176,38.38423,36.359445,40.262645
95,95,95,低配,普通,50.567875,101.135749,2036.492186,3.740366,3.51807,3.550365,3.550365
95,95,95,标准,普通,105.398632,379.435077,3329.45465,1.794543,2.19264,1.436982,2.423963
95,95,95,高配,普通,162.783806,1172.043405,5031.290454,1.161924,1.059859,0.45,1.230619
95,95,96,低配,精英,50.567875,101.135749,2036.492186,18.894889,18.826122,17.295317,20.085645
95,95,96,标准,精英,105.398632,379.435077,3329.45465,8.953433,9.055247,8.345854,10.319817
95,95,96,高配,精英,162.783806,1172.043405,5031.290454,5.865218,5.694785,4.587282,6.694954
95,95,98,低配,头目,50.567875,101.135749,2036.492186,49.703845,49.555261,47.265512,51.089296
95,95,98,标准,头目,105.398632,379.435077,3329.45465,23.590965,23.798286,22.163598,25.124543
95,95,98,高配,头目,162.783806,1172.043405,5031.290454,15.430238,15.574497,14.501146,16.062384
95,95,100,低配,BOSS,50.567875,101.135749,2036.492186,123.802931,123.560328,119.297326,127.564966
95,95,100,标准,BOSS,105.398632,379.435077,3329.45465,58.569463,58.265538,55.030088,60.655884
95,95,100,高配,BOSS,162.783806,1172.043405,5031.290454,38.426261,38.395413,36.358484,40.26158
96,96,96,低配,普通,51.494717,102.989435,2073.218114,3.740814,3.517911,3.550205,3.550205
96,96,96,标准,普通,107.327383,386.37858,3389.480864,1.794809,2.192572,1.436944,2.423887
96,96,96,高配,普通,165.757002,1193.450416,5121.978375,1.162136,1.059843,0.45,1.230599
96,96,97,低配,精英,51.494717,102.989435,2073.218114,18.898202,18.825172,17.294446,20.08463
96,96,97,标准,精英,107.327383,386.37858,3389.480864,8.955258,9.054915,8.345549,10.319436
96,96,97,高配,精英,165.757002,1193.450416,5121.978375,5.866615,5.694649,4.587174,6.694791
96,96,99,低配,头目,51.494717,102.989435,2073.218114,49.726698,49.568869,47.263092,51.086678
96,96,99,标准,头目,107.327383,386.37858,3389.480864,23.602486,23.797385,22.16276,25.123591
96,96,99,高配,头目,165.757002,1193.450416,5121.978375,15.438303,15.574104,14.50078,16.061978
96,96,101,低配,BOSS,51.494717,102.989435,2073.218114,123.87405,123.763874,119.291182,127.558395
96,96,101,标准,BOSS,107.327383,386.37858,3389.480864,58.604783,58.263308,55.027983,60.653562
96,96,101,高配,BOSS,165.757002,1193.450416,5121.978375,38.450752,38.394425,36.357549,40.260544
97,97,97,低配,普通,52.430177,104.860354,2110.279435,3.741234,3.517757,3.550049,3.550049
97,97,97,标准,普通,109.273968,393.386284,3450.055259,1.795062,2.192507,1.436907,2.423813
97,97,97,高配,普通,168.757582,1215.054589,5213.494493,1.162339,1.059827,0.45,1.230579
97,97,98,低配,精英,52.430177,104.860354,2110.279435,18.901361,18.824247,17.293598,20.083642
97,97,98,标准,精英,109.273968,393.386284,3450.055259,8.957013,9.054592,8.345253,10.319066
97,97,98,高配,精英,168.757582,1215.054589,5213.494493,5.867963,5.694516,4.587069,6.694633
97,97,100,低配,头目,52.430177,104.860354,2110.279435,49.74886,49.566397,47.260736,51.084129
97,97,100,标准,头目,109.273968,393.386284,3450.055259,23.613683,23.796509,22.161945,25.122664
97,97,100,高配,头目,168.757582,1215.054589,5213.494493,15.446152,15.744472,14.500424,16.842161
97,97,102,低配,BOSS,52.430177,104.860354,2110.279435,123.943304,123.806106,119.285201,127.551998
97,97,102,标准,BOSS,109.273968,393.386284,3450.055259,58.639231,58.261137,55.025934,60.651301
97,97,102,高配,BOSS,168.757582,1215.054589,5213.494493,38.474661,38.393463,36.356639,40.259535
98,98,98,低配,普通,53.374252,106.748504,2147.676152,3.741628,3.517606,3.549897,3.549897
98,98,98,标准,普通,111.238384,400.458181,3511.177838,1.795303,2.192443,1.43687,2.423741
98,98,98,高配,普通,171.785541,1236.855898,5305.83881,1.162534,1.059812,0.45,1.23056
98,98,99,低配,精英,53.374252,106.748504,2147.676152,18.904373,18.823347,17.292773,20.08268
98,98,99,标准,精英,111.238384,400.458181,3511.177838,8.958698,9.054277,8.344964,10.318705
98,98,99,高配,精英,171.785541,1236.855898,5305.83881,5.869266,5.694386,4.586967,6.694479
98,98,101,低配,头目,53.374252,106.748504,2147.676152,49.770349,49.790024,47.258442,51.081648
98,98,101,标准,头目,111.238384,400.458181,3511.177838,23.624565,23.795655,22.161151,25.121762
98,98,101,高配,头目,171.785541,1236.855898,5305.83881,15.45379,15.744094,14.500077,16.841757
98,98,103,低配,BOSS,53.374252,106.748504,2147.676152,124.010742,123.945368,119.279377,127.545769
98,98,103,标准,BOSS,111.238384,400.458181,3511.177838,58.672828,58.351542,55.023938,60.649099
98,98,103,高配,BOSS,171.785541,1236.855898,5305.83881,38.498003,38.429115,36.355753,40.258552
99,99,99,低配,普通,54.326942,108.653883,2185.408262,3.741997,3.51746,3.549749,3.549749
99,99,99,标准,普通,113.220628,407.59426,3572.848598,1.795532,2.192381,1.436835,2.423671
99,99,99,高配,普通,174.840877,1258.854315,5399.011325,1.162722,1.059798,0.45,1.230541
99,99,100,低配,精英,54.326942,108.653883,2185.408262,18.907244,18.82247,17.291969,20.081742
99,99,100,标准,精英,113.220628,407.59426,3572.848598,8.960318,9.053971,8.344683,10.318353
99,99,100,高配,精英,174.840877,1258.854315,5399.011325,5.870523,5.69426,4.586868,6.694329
99,99,102,低配,头目,54.326942,108.653883,2185.408262,49.791187,49.771524,46.946232,51.079231
99,99,102,标准,头目,113.220628,407.59426,3572.848598,23.63514,23.794823,22.160377,25.120883
99,99,102,高配,头目,174.840877,1258.854315,5399.011325,15.461225,15.743727,14.499739,16.841362
99,99,104,低配,BOSS,54.326942,108.653883,2185.408262,124.07641,123.939472,119.273704,127.539701
99,99,104,标准,BOSS,113.220628,407.59426,3572.848598,58.705596,58.349479,55.021994,60.646955
99,99,104,高配,BOSS,174.840877,1258.854315,5399.011325,38.520792,38.428201,36.354889,40.257595
100,100,100,低配,普通,55.288244,110.576489,2223.475767,3.742343,3.517317,3.549605,3.549605
100,100,100,标准,普通,115.220698,414.794511,3635.067541,1.79575,2.192321,1.436801,2.423602
100,100,100,高配,普通,177.923586,1281.049816,5493.012037,1.162901,1.059783,0.45,1.230523
100,100,101,低配,精英,55.288244,110.576489,2223.475767,18.909978,18.821615,17.291185,20.080829
100,100,101,标准,精英,115.220698,414.794511,3635.067541,8.961874,9.053672,8.344409,10.318011
100,100,101,高配,精英,177.923586,1281.049816,5493.012037,5.871737,5.694137,4.586771,6.694182
100,100,103,低配,头目,55.288244,110.576489,2223.475767,49.811392,49.76923,46.94407,51.076876
100,100,103,标准,头目,115.220698,414.794511,3635.067541,23.645417,23.794013,22.159624,25.120027
100,100,103,高配,头目,177.923586,1281.049816,5493.012037,15.46846,15.743368,14.49941,16.840978
100,100,105,低配,BOSS,55.288244,110.576489,2223.475767,124.140354,123.998304,120.30138,127.53379
100,100,105,标准,BOSS,115.220698,414.794511,3635.067541,58.737555,58.347469,55.0201,60.644866
100,100,105,高配,BOSS,177.923586,1281.049816,5493.012037,38.54304,38.427311,36.354048,40.256662
1,1,6,极端strength,BOSS,2.08037,2.08037,120.735597,37.336861,37.612202,36.830952,38.080952
1,1,6,极端intelligence,BOSS,2.090718,2.090718,86.288889,37.152069,37.407308,35.532308,38.032308
1,1,6,极端speed,BOSS,3.281807,3.281807,66.0,23.668209,23.905356,22.835429,24.547312
1,1,6,极端element,BOSS,1.804,1.804,66.0,40.72442,40.502827,39.330952,41.455952
1,1,6,极端armor,BOSS,0.82,0.82,123.6,94.725,94.799702,93.080952,95.580952
1,1,6,极端shape,BOSS,0.82,5.248,66.0,94.725,94.799702,93.080952,95.580952
5,5,10,极端strength,BOSS,3.160988,3.160988,173.732909,33.614057,33.792682,33.17026,34.37738
5,5,10,极端intelligence,BOSS,3.188004,3.188004,116.486374,33.329195,33.533562,31.892633,34.306873
5,5,10,极端speed,BOSS,4.936992,4.936992,84.615885,21.521935,21.748947,20.626444,22.297146
5,5,10,极端element,BOSS,4.711281,4.711281,84.615885,20.867564,20.759556,19.891938,21.099058
5,5,10,极端armor,BOSS,1.087219,1.087219,173.664564,97.729759,97.58144,95.940511,99.561872
5,5,10,极端shape,BOSS,1.087219,8.262862,84.615885,97.729759,97.58144,95.940511,99.561872
10,10,15,极端strength,BOSS,4.447438,4.447438,236.658424,42.428065,42.589839,41.636588,43.983053
10,10,15,极端intelligence,BOSS,4.500392,4.500392,157.5141,41.928829,42.006406,40.37488,42.721344
10,10,15,极端speed,BOSS,6.759794,6.759794,114.032861,27.914488,27.922758,26.612488,28.858666
10,10,15,极端element,BOSS,7.026673,7.026673,114.032861,24.807641,24.71638,24.038105,25.211338
10,10,15,极端armor,BOSS,1.505716,1.505716,237.097968,125.319933,125.394367,123.762841,127.282538
10,10,15,极端shape,BOSS,1.505716,11.443439,114.032861,125.319933,125.394367,123.762841,127.282538
20,20,25,极端strength,BOSS,7.828265,7.828265,402.45458,68.084996,68.018419,66.595281,70.010811
20,20,25,极端intelligence,BOSS,7.962971,7.962971,266.941524,66.933233,66.928302,64.206552,69.899102
20,20,25,极端speed,BOSS,11.562673,11.562673,193.363493,46.09552,46.132392,44.512735,47.829793
20,20,25,极端element,BOSS,12.710278,12.710278,193.363493,38.709969,38.772947,37.335578,40.409555
20,20,25,极端armor,BOSS,2.629713,2.629713,405.330255,202.678948,203.002994,199.800935,205.493484
20,20,25,极端shape,BOSS,2.629713,19.985817,193.363493,202.678948,203.002994,199.800935,205.493484
30,30,35,极端strength,BOSS,12.366139,12.366139,624.600242,81.7845,81.919025,79.466814,83.620487
30,30,35,极端intelligence,BOSS,12.618476,12.618476,413.834452,80.149021,80.015294,76.338732,82.40085
30,30,35,极端speed,BOSS,18.05587,18.05587,300.031787,56.012724,56.01673,54.373471,57.685868
30,30,35,极端element,BOSS,20.256426,20.256426,300.031787,46.07913,46.276018,44.328984,47.696827
30,30,35,极端armor,BOSS,4.14336,4.14336,630.977714,244.091393,244.364834,241.123285,247.522187
30,30,35,极端shape,BOSS,4.14336,31.489534,300.031787,244.091393,244.364834,241.123285,247.522187
50,50,55,极端strength,BOSS,25.006848,25.006848,1239.446375,85.926634,85.906808,82.929167,88.142639
50,50,55,极端intelligence,BOSS,25.554687,25.554687,820.496884,84.084546,84.111657,80.648719,86.97144
50,50,55,极端speed,BOSS,36.313178,36.313178,595.400245,59.172851,59.041908,57.581567,60.889951
50,50,55,极端element,BOSS,41.249685,41.249685,595.400245,48.067389,48.296326,45.991168,49.318915
50,50,55,极端armor,BOSS,8.361423,8.361423,1255.618207,256.984286,257.355143,253.420774,260.852744
50,50,55,极端shape,BOSS,8.361423,63.546813,595.400245,256.984286,257.355143,253.420774,260.852744
70,70,75,极端strength,BOSS,42.472072,42.472072,2082.064323,88.538416,88.586284,85.481309,91.001264
70,70,75,极端intelligence,BOSS,43.325523,43.325523,1377.781493,86.794337,86.940798,82.807732,89.873274
70,70,75,极端speed,BOSS,61.781245,61.781245,1000.154802,60.866529,60.705702,58.589906,62.475323
70,70,75,极端element,BOSS,70.267538,70.267538,1000.154802,49.37784,49.325602,46.841623,51.257587
70,70,75,极端armor,BOSS,14.188638,14.188638,2111.653831,265.029675,265.587097,261.347082,269.847813
70,70,75,极端shape,BOSS,14.188638,107.833645,1000.154802,265.029675,265.587097,261.347082,269.847813
100,100,105,极端strength,BOSS,77.788311,77.788311,3773.257662,90.608586,90.440922,87.727265,92.900067
100,100,105,极端intelligence,BOSS,79.030041,79.030041,2496.190213,89.184932,89.133965,85.526073,91.799471
100,100,105,极端speed,BOSS,113.70157,113.70157,1812.393149,61.989371,61.733186,59.951248,64.083279
100,100,105,极端element,BOSS,128.981917,128.981917,1812.393149,50.417587,50.475529,47.775629,52.178013
100,100,105,极端armor,BOSS,25.969513,25.969513,3829.715858,271.406273,272.142448,267.894836,276.699604
100,100,105,极端shape,BOSS,25.969513,197.368302,1812.393149,271.406273,272.142448,267.894836,276.699604
